news_type,industry,product,company,location,direction,bill
第二类新闻,汽车,埃安,空,空,买,订单金额：空。
第二类新闻,内存半导体,空,三星电子,供应链中游,出货,租赁费用
第二类新闻,连花清瘟,空,天猫,中游,空,空。
第二类新闻,N95口罩,空,天猫,中游,空,空。
第二类新闻,退热类药品,空,天猫,下游,空,空。
第二类新闻,体温计,空,天猫,中游,空,空。
第二类新闻,制氧机,空,天猫,中游,空,空。
第二类新闻,酒精消毒品,空,天猫,中游,空,空。
第二类新闻,智能电动车,极氪,空,下游,卖,3360000元。
第二类新闻,钾肥,亚钾国际,空,下游,买,空
第二类新闻,生猪,空,傲农生物,中游,卖,空
第二类新闻,房地产,空,恒大地产重庆公司,下游,卖,订单金额：空
第二类新闻,新能源汽车,空,力帆科技,中游,销售,订单金额：空
第二类新闻,国债,空,捷克政府,中游,卖,290亿捷克克朗
第二类新闻,国债,空,捷克政府,中游,卖,1250亿捷克克朗
第二类新闻,铝制品,空,明泰铝业,空,销售,订单金额：空。
第二类新闻,水力发电,空,明星电力,中游,卖,订单金额：空
第二类新闻,工业用纸包装,空,上海艾录,中游,买,5亿元
第二类新闻,液化天然气LNG,空,广汇能源,中游,卖,空
第二类新闻,合成革,旷达科技,空,中游,买,空
第二类新闻,汽车,空,广汽丰田,中游,卖,1005000。
第二类新闻,行为定向广告,空,Meta Platforms,中游,卖,空
第二类新闻,激光设备,BC电池线路,帝尔激光,中游,卖,700-800万
第二类新闻,激光设备,PERC电池,帝尔激光,中游,卖,700-800万
第二类新闻,房地产,空,中南建设,中游,卖,649.2亿元。
第二类新闻,客车,空,亚星客车,中游,卖,订单金额：空
第二类新闻,钢结构产品,空,鸿路钢构,中游,买,空
第二类新闻,乙烯基新材料,镇洋发展,空,中游,买,6.6亿元。
第二类新闻,计量产品,空,鼎信通讯,上游,卖,1.78亿元。
第二类新闻,数控刀片,欧科亿,中游,空,买,空
第二类新闻,呼吸机,东星医疗,空,中游,买,空
第二类新闻,混合现实（XR）头显,空,苹果公司,中游,买,空。
第二类新闻,空,丁桂儿脐贴,亚宝药业,上游,买,空；
第二类新闻,空,YBSW015注射液,亚宝药业,中游,空,空；
第二类新闻,空,索拉非尼片,亚宝药业,下游,空,空。
第二类新闻,房地产,空,世茂集团,中游,卖,订单金额：空
第二类新闻,空,空,甘化科工,中游,卖,9000万元至12500万元。
第二类新闻,生猪,正虹科技,空,中游,卖,31717.48万元
第二类新闻,啤酒,乐K精酿,奥瑞金,空,销售,空。
第二类新闻,按摩枕,荣事达智家科技有限公司,空,中游,买,空
第二类新闻,空,元宇宙,上海时未科技有限公司,中游,买,空。
第二类新闻,原材料,空,朗科智能,上游,采购,空
第二类新闻,抗原检测试剂,空,空,空,空,空
第二类新闻,生猪,空,唐人神,中游,卖,5.99亿元
第二类新闻,新能源电动汽车用高压线缆,空,卡倍亿,中游,卖,1.5亿元-1.7亿元。
第二类新闻,工程建设,文一西路西延工程（二期）东段,腾达建设,中游,卖,6.26亿元。
第二类新闻,辅酶Q10,空,金达威,生产商,卖,空
第二类新闻,熔融盐储能,空,江苏国信,下游,卖,空
第二类新闻,半导体材料,石英坩埚,欧晶科技,中游,卖,空
第二类新闻,半导体存储器,DRAM,空,上游,买,1.80美元。
第二类新闻,汽车,Model S和Model X,特斯拉,空,销售,空
第二类新闻,汽车,空,高通,中游,卖,约15亿美元。
第二类新闻,奶制品,空,空,下游,卖,空
第二类新闻,汽车零组件,空,凯中精密,中游,卖,空。
第二类新闻,生猪,空,大北农,中游,卖,13.22亿元
第二类新闻,餐饮,年夜饭主题套餐,空,中游,买,订单金额大小。
第二类新闻,风电,空,空,空,未指出,订单金额大小。
第二类新闻,MLED,空,深康佳A,中游,生产,空
第二类新闻,生猪,空,金新农,中游,卖,7362.88万元
第二类新闻,污水处理,空,巴安水务,中游,卖,"178925.22万元孟加拉国塔卡, 2802.31万美元。"
第二类新闻,生猪,正邦科技,空,下游,卖,6.67亿元。
第二类新闻,高性能碳纤维,中复神鹰,空,中游,卖,5.7亿元至6.2亿元。
第二类新闻,核酸检测,空,上海发布,上游,买,16元。
第二类新闻,化学试剂,空,纳微科技,中游,卖,2.63亿元-2.83亿元
第二类新闻,集成电路产品,钜泉科技,中游,空,买,1.8亿元-2.2亿元
第二类新闻,NAND,空,三星电子,中游,卖,涨价10%。
第二类新闻,汽车产业,空,广州市花都区,未指明在产业链的位置,增资扩产,订单金额大小：空
第二类新闻,氯化亚砜产品,世龙实业,中游,空,空,空
第二类新闻,空,空,中国移动,中游,买,空
第二类新闻,锂电池,公司产品,东亚机械,中游,买,空
第二类新闻,空,空,风华高科,中游,买,空。
第二类新闻,人工智能技术,空,微软,中游,购买,空
第二类新闻,人工智能,空,微软,下游,买,空
第二类新闻,人工智能,空,微软,下游,买,空
第二类新闻,药品,莫诺拉韦胶囊,天津市医药采购中心,中游,买,1500元/瓶。
第二类新闻,生猪养殖,空,京基智农,下游,买,16.84元/kg
第二类新闻,家禽饲养加工,鸡肉,圣农发展,中游,卖,15.35亿元。
第二类新闻,深加工肉制品,空,圣农发展,中游,卖,15.35亿元。
第二类新闻,医药中间体、CMO/CDMO业务及生物特色原料药,空,金城医药,中游,买,2.7亿元至3.2亿元。
第二类新闻,汽车,特斯拉,空,中游,买,订单金额空。
第二类新闻,药品,Paxlovid,华海药业,中游,买,空
第二类新闻,层压机设备,博冠科技,空,下游,买,空。订单金额为 2 亿元。
第二类新闻,美妆,空,"雅诗兰黛, 古驰, 迪奥, 娇兰, 倩碧","中游, 中游, 中游, 中游, 中游",上涨,5%-10%。
第二类新闻,化妆品,胶原蛋白系列产品,东宝生物,中游,买,9000万元-1.15亿元
第二类新闻,白酒,国产名酒,广弘控股,下游,买,空
第二类新闻,智能交通,空,百度,中游,买,空
第二类新闻,服务业务,空,苹果公司,中游,离职,空
第二类新闻,动力电池铝塑膜产品和储能电池铝塑膜产品,明冠新材,中游,出货,空,空。
第二类新闻,移动应用,空,久其软件,中游,买,空
第二类新闻,碳酸锂,空,空,中游,买,空
第二类新闻,零售业,国美零售,黄光裕,空,卖,1.4334亿股，平均减持价格为0.1138港元每股。
第二类新闻,锗同位素材料,中核集团,空,中游,买,空
第二类新闻,能源,空,中闽能源,中游,卖,320.5亿千瓦时，同比增长17.72%
第二类新闻,建筑业,空,浦东建设,中游,买,165.70亿元
第二类新闻,汽车,空,一汽-大众,中游,销售,182.36万辆。
第二类新闻,酒类,茅糯,中国贵州茅台酒厂（集团）有限责任公司,空,销售,空
第二类新闻,中药,空,华森制药,中游,买,空。
第二类新闻,眼镜,明月镜片,空,生产商,卖,1.2亿元-1.4亿元。
第二类新闻,光伏电池,HJT电池及其他新型光伏电池密封工艺,康达新材,空,中游,空
第二类新闻,空,空,中国建筑,中游,卖,3.9万亿元。
第二类新闻,水泥,华润水泥控股,空,下游,买,空
第二类新闻,空,空,正帆科技,中游,销售,2.53亿元至2.7亿元。
第二类新闻,汽车,BRZ车型,斯巴鲁中国,中游,卖,空
第二类新闻,特色农产品、水果、节能冰箱、智能空调,空,快手,中游,买,空
第二类新闻,空,空,快手,空,买,空
第二类新闻,空,空,快手,空,买,空
第二类新闻,空,空,快手,空,买,空
第二类新闻,空,空,快手,空,买,空
第二类新闻,猪肉,空,北京新发地市场,中游,买,空
第二类新闻,锂电池正极材料,空,中银绒业,中游,买,空。
第二类新闻,三氯蔗糖,金禾实业,中游,卖,空,5000吨。
第二类新闻,空,空,毕马威,空,空,空
第二类新闻,建筑施工,空,北新路桥,中游,卖,77.9亿元。
第二类新闻,游戏,空,中国,中游,买,1930.58亿元
第二类新闻,游戏,空,中国,中游,卖,2658.84亿元
第二类新闻,建筑安装,空,北新路桥,中游,卖,2.06亿元。
第二类新闻,稀土金属,空,盛和资源,中游,sell/sale,空
第二类新闻,智慧灯杆,利亚德,中游,空,空,空
第二类新闻,主轴轴承滚子,空,公司,中游,卖,空
第二类新闻,阿洛酮糖,保龄宝,空,中游,卖,空
第二类新闻,自动驾驶,域控制器,德赛西威,下游,买,空
第二类新闻,药品,清咽滴丸,达仁堂,中游,销售,空
第二类新闻,游戏,空,中国移动,中游,卖,1930.58亿元。
第二类新闻,汽车零部件,空,伯特利,中游,卖,空
第二类新闻,微振镜,空,赛微电子,未说明,空,空
第二类新闻,药品,头孢菌素类医药中间体和头孢粉针注射剂,金城医药,空,空,空
第二类新闻,储能,空,欣旺达,中游,卖,空
第二类新闻,家用储能产品,振邦智能,空,中游,卖,空
第二类新闻,原油,空,科威特,中游,卖,4.30美元/桶。
第二类新闻,新冠治疗药物,国药控股,空,中游,卖,空。
第二类新闻,金融,空,华夏幸福,中游,买,"1,388.08亿元"
第二类新闻,散货船,空,国航远洋,中游,买,8.64亿元。
第二类新闻,煤炭,中国神华,中游,卖,订单金额,空
第二类新闻,锂电池,空,川能动力,中游,卖,6亿元-7.3亿元
第二类新闻,空,空,卓翼科技,中游,卖,9000万元-1.2亿元
第二类新闻,空,空,美团,中游,卖,订单金额:空
第二类新闻,医药制造,空,沃森生物,中游,买,空
第二类新闻,洋葱,空,菲律宾,未说明产业链位置,买,订单金额：未说明
第二类新闻,服装业,空,嘉欣丝绸,中游,买,空，订单金额未说明。
第二类新闻,海缆,亨通光电,空,下游,买,空
第二类新闻,电动汽车,空,福特,空,中游,空
第二类新闻,运动装备,特步国际,空,下游,买,空
第二类新闻,维生素,空,天新药业,中游,卖,空
第二类新闻,种植业,玉米、大豆产品,隆平高科,中游,买,空
第二类新闻,预镀镍材料,空,东方电热,中游,买,空
第二类新闻,储能电池,空,某龙头电池公司,产业链位置空,出货,订单金额空
第二类新闻,储能电池,空,亿纬锂能,空,空,订单金额空
第二类新闻,储能电池,空,国内主要储能锂电池企业,空,买,订单金额空
第二类新闻,工程机械,推土机,空,中游,卖,订单金额：584台，同比增长24%。
第二类新闻,空,空,四川长虹,中游,卖,4.3亿元-5.5亿元。
第二类新闻,电力,空,湖北能源,上游,卖,9.5亿元-12.3亿元。
第二类新闻,医用耗材,心脏介入电生理类医用耗材,空,中游,买,空
第二类新闻,医用耗材,腔镜切割吻/缝合器类医用耗材,空,中游,买,空
第二类新闻,药品,MPC-150-IM、MPC-25-IC和TSL-1806,天士力,中游,终止,"19,464.31万元。"
第二类新闻,户外露营,空,牧高笛,中游,卖,1.33亿元到1.45亿元。
第二类新闻,新冠口服药莫诺拉韦胶囊,默沙东,空,中游,买,1500元。
第二类新闻,空,空,远洋集团、浦发银行,中游、下游,买,225亿元。
第二类新闻,煤炭,空,特变电工,未指明,买,空。
第二类新闻,空,耐普矿机,中游,卖,空,订单金额大小
第二类新闻,证书签证,空,全国贸促系统,空,买,3534.46亿美元
第二类新闻,证书签证,空,全国贸促系统,空,卖,607.83亿美元
第二类新闻,证书签证,空,全国贸促系统,空,卖,67.71亿美元
第二类新闻,磷酸锰铁锂,德方纳米,中游,空,买,空
第二类新闻,密封垫片,空,密封科技,中游,卖,订单金额：未说明
第二类新闻,汽车相关,空,空,空,空,空
第二类新闻,汽车相关,汽车零部件,空,制造业中游,空,空
第二类新闻,汽车相关,工程机器人系统,空,制造业中游,空,空
第二类新闻,汽车相关,汽车工程技术,空,制造业中游,空,空
第二类新闻,汽车相关,汽车生产线操作工,空,制造业中游,空,空
第二类新闻,快递物流,空,空,空,空,空
第二类新闻,快递物流,采购员,空,空,空,空
第二类新闻,快递物流,邮件分拣员,空,空,空,空
第二类新闻,快递物流,快件处理员,空,空,空,空
第二类新闻,快递物流,装卸搬运工,空,空,空,空
第二类新闻,快递物流,网约配送员,空,空,空,空
第二类新闻,快递物流,快递员,空,空,空,空
第二类新闻,药品,维生素E、维生素A、左氧氟沙星氯化钠注射液,浙江医药,中游,空,订单金额减少。
第二类新闻,锂,空,天齐锂业,中游,卖,231亿元-256亿元。
第二类新闻,房地产,空,空,中游,采购,130.3亿元。
第二类新闻,汽车,空,上海昶铭汽车销售有限公司,空,买,2.5亿元。
第二类新闻,互联网金融,空,腾讯云,中游,买,空
第二类新闻,空,空,元气森林,中游,开除,空。
第二类新闻,锂矿石,空,海南矿业,下游,购买,1.18亿美元。
第二类新闻,房地产开发及物业管理,空,派斯林,未指明,买,空
第二类新闻,锂盐、铯盐,中矿资源,中游,空,买,32.5亿元-37.5亿元
第二类新闻,半导体装备,空,晶盛机电,中游,买,空
第二类新闻,硅片和组件,空,隆基绿能,中游,卖,145亿元到155亿元。
第二类新闻,芯片设计服务,HiHope芯片全栈解决方案平台,润和软件,空,中游,空
第二类新闻,空,喷气式飞机,波音公司,空,买,空
第二类新闻,燃料电池客车,空,宇通客车,中游,买,空
第二类新闻,空,空,天龙集团,中游,买,空。说明：本条新闻没有明确的供应链种类和产品名称，同时也没有订单金额大小，因此输出空。
第二类新闻,科学仪器,NIO PHONE,上海蔚来汽车有限公司,空,空,空
第二类新闻,通信设备,5G套餐,中国移动,下游,买,订单金额：空。
第二类新闻,OLED显示产品,空,深天马Ａ,产业链位置未说明,下游,空
第二类新闻,造纸,空,中顺洁柔,中游,买,空
第二类新闻,广告,空,奈飞,中游,卖,30~40亿美元。
第二类新闻,可再生能源,空,西班牙政府,中游,买,空
第二类新闻,安全业务,空,微软,中游,销售,200亿美元。
第二类新闻,汽车,丰田泰国,空,中游,买,空
第二类新闻,汽车,丰田泰国,空,中游,卖,空
第二类新闻,汽车,小米集团,空,上游,买,空
第二类新闻,纸巾,维达国际,中游,卖,空,194.18亿港元
第二类新闻,汽车,特斯拉,空,生产,卖,200万辆。
第二类新闻,空,空,特斯拉,中游,卖,订单金额大小
第二类新闻,数字藏品,华为,空,上游,卖,空
第二类新闻,药品,科伦药业,空,中游,买,16亿元–17.2亿元。
第二类新闻,汽车改性材料,普利特,中游,买,空,2亿元-2.5亿元。
第二类新闻,半导体制程设备,空,至纯科技,中游,卖,18亿元
第二类新闻,空,空,莱克电气,中游,买,9.5亿元到10.5亿元。
第二类新闻,空,空,永安行,空,卖,0.55亿元至0.7亿元。
第二类新闻,电池级氢氧化锂,天华超净,空,中游,买,空
第二类新闻,乘用车,中国品牌,空,中游,卖,1176.6万辆。
第二类新闻,氢氧化锂,4680圆柱电池,雅化集团,上游,卖,空
第二类新闻,耳机,漫步者,中游,空,买,空
第二类新闻,二手住宅,空,广州市房地产中介协会,中游,买,空
第二类新闻,电池材料,空,科力远,中游,买,1.9亿元到2.3亿元
第二类新闻,空,等离子体刻蚀设备,中微公司,中游,卖,10.8亿元-12亿元。
第二类新闻,管道燃气,空,广州发展,中游,卖,4.60元/立方米。
第二类新闻,空,空,飞利浦,中游,买,空
第二类新闻,通信服务,综合业务支撑服务,鹏博士集团,上游,卖,12.6亿元。
第二类新闻,硅片,空,爱康科技,中游,购买,空
第二类新闻,电子元器件,三星SDI,空,中游,卖,4908.1亿韩元
第二类新闻,电子元器件,空,三星SDI,中游,卖,5.97万亿韩元
第二类新闻,空,TES,空,空,增资,空
第二类新闻,金融业,空,ST广田,空,卖,4.09亿元。
第二类新闻,自来水,空,江南水务,下游,卖,空
第二类新闻,钛锆矿,龙佰集团,空,中游,买,空
第二类新闻,头戴式电子设备,空,苹果公司,中游,买,空。
第二类新闻,空,空,哈工智能,中游,买,8亿元至11.5亿元。
第二类新闻,数字示波器,普源精电,空,空,生产,销售收入
第二类新闻,小儿布洛芬栓,华特达因,未说明,未说明,买,空
第二类新闻,汽车,Honda e:N品牌纯电动车,本田中国,中游,销售,空
第二类新闻,外汇衍生品,空,比亚迪,中游,买,4500000000美元
第二类新闻,空,空,诺华,中游,卖,126.9亿美元。
第二类新闻,3C类机床,空,创世纪,中游,买,空
第二类新闻,房地产,空,中南建设,中游,卖,32.4亿元
第二类新闻,建筑业,空,中南建设,中游,买,4.3亿元
第二类新闻,碳酸锂,藏格矿业,空,空,买,3万元左右。
第二类新闻,汽车,比亚迪H股,伯克希尔哈撒韦,下游,卖,155万。
第二类新闻,汽车,沃尔沃,空,生产,买,空
第二类新闻,装修装饰业务,空,建艺集团,空,买,5.9亿元。
第二类新闻,钙钛矿电池,空,国林科技,中游,空,空
第二类新闻,混合现实（MR）平台,空,三星,空,中游,空
第二类新闻,半导体,臭氧设备,国林科技,上游,买,空
第二类新闻,MCU芯片,空,力源信息,中游,买,空
第二类新闻,空,空,瑞信,中游,卖,空
第二类新闻,空,购物卡,家乐福,中游,买,空
第二类新闻,汽车,海洋网,空,空,销售,69997。
第二类新闻,ASIC芯片,空,淳中科技,中游,买,空。
第二类新闻,铜,空,铜业公司,下游,卖,空。
第二类新闻,镍氢电池,空,豪鹏科技,中游,买,空。
第二类新闻,空,空,汇川技术,中游,销售,39.3亿元-46.5亿元。
第二类新闻,超市商品,空,家乐福超市,下游,买,空
第二类新闻,半导体装备业务,空,公司名称,中游,买,空
第二类新闻,碳化硅衬底,空,国产,中游,买,空
第二类新闻,生猪,空,大北农,下游,卖,8.15亿元
第二类新闻,生猪,空,神农集团,中游,卖,1.59亿元
第二类新闻,AIGC文字交互模型,空,风语筑,中游,买,空。
第二类新闻,房地产,空,新城控股,中游,卖,57.76亿元。
第二类新闻,MEMS传感器芯片,晶方科技,中游,空,买,空
第二类新闻,汽车,奇瑞集团,空,中游,买,订单金额：空。
第二类新闻,虚拟人物设计,空,天龙集团,中游,买,空。
第二类新闻,空,科蓝软件,中游,空,买,空。这条新闻没有明确指出某种产品或公司的交易信息，因此不涵盖明确的产业链信息。
第二类新闻,无,ChatGPT,空,空,空,空
第二类新闻,医疗保健,空,华厦眼科,中游,买,空
第二类新闻,语音识别ASR,空,普强公司,中游,买,空
第二类新闻,房地产,空,金地集团,中游,买,92.1亿元。
第二类新闻,人工智能、物联网技术,空,润和软件,中游,买,空
第二类新闻,运动健康食品,空,云南白药,空,上游,空
第二类新闻,空,营销解决方案,天龙集团,中游,买,空
第二类新闻,外卖服务,空,抖音,中游,买,空。
第二类新闻,新能源,空,SLB,中游,买,空。订单金额：空。
第二类新闻,锂电储能产品,空,瑞德智能,中游,空,空
第二类新闻,生物柴油,山高环能,空,中游,买,空
第二类新闻,ChatGPT,商标,空,中游,买,空
第二类新闻,空,空,巨人网络,中游,买,空
第二类新闻,量子通信,空,卓翼科技,上游,买,涨停
第二类新闻,身联网,空,国脉科技,下游,买,空
第二类新闻,算力支持,类chatGPT软件,立昂技术,空,中游,空
第二类新闻,搜索引擎,空,微软,中游,买,空。
第二类新闻,空,空,京东,中游,买,31亿元。
第二类新闻,生猪,空,新希望,中游,卖,20.51亿元。
第二类新闻,节水,空,大禹节水,中游,卖,1.82亿元。
第二类新闻,生猪,空,金新农,中游,卖,6545.47万元
第二类新闻,服务器,关键业务服务器,联想问天,上游,买,空
第二类新闻,服务器,通用机架服务器,联想问天,上游,买,空
第二类新闻,服务器,塔式服务器,联想问天,上游,买,空
第二类新闻,服务器,高密度服务器,联想问天,上游,买,空
第二类新闻,服务器,人工智能服务器,联想问天,上游,买,空
第二类新闻,服务器,存储型服务器,联想问天,上游,买,空
第二类新闻,服务器,ThinkSystem,联想,下游,空,空
第二类新闻,显卡,空,栢能集团,中游,买,空
第二类新闻,人形机器人,3D视觉感知技术及3D视觉传感器,奥比中光,空,上游,空
第二类新闻,机电系统,空,华力创通,中游,买,空
第二类新闻,空,出入境证件,上海公安出入境管理部门,中游,买,订单金额：空。
第二类新闻,生猪,空,天康生物,中游,卖,2.51亿元
第二类新闻,客车,金龙汽车,空,下游,卖,订单金额：空。
第二类新闻,PC服务器,空,神州数码,中游,买,8.15亿元。
第二类新闻,家禽饲养加工,鸡肉,圣农发展,中游,卖,空
第二类新闻,深加工肉制品,空,圣农发展,中游,卖,空
第二类新闻,巡检运维机器人,空,赛为智能,中游,empty,429.75万元。
第二类新闻,金融投资,票据,南京医药,空,注册,50亿元。
第二类新闻,生猪,空,正虹科技,中游,卖,4597.95万元
第二类新闻,酒类,空,贵广网络-多彩云科技,中游,买,空
第二类新闻,空,ChatGPT代码,昆仑万维集团、奇点智源,空,空,空
第二类新闻,被动元件,空,产生被动元件的公司,中游,买,空
第二类新闻,医药行业,空,运舟资本,中游,买,空
第二类新闻,人工智能,ChatGPT,通用电气公司,空,空,空
第二类新闻,高算力解决方案,CPO,联特科技,"中游,,,",买,空
第二类新闻,空,Raine Group,软银,中游,卖,空。
第二类新闻,空,空,国美电器,中游,买,空
第二类新闻,空,皇氏数智股权,皇氏集团,空,卖,4732.81万元
第二类新闻,智能音响,国光电器,中游,买,空,空
第二类新闻,光伏,多晶硅,空,中游,买,空
第二类新闻,NLP,空,未来公司,中游,买,空
第二类新闻,可再生能源,空,三峰环境,中游,买,空
第二类新闻,Type-C线,空,苹果,中游,买,空
第二类新闻,中药,衡水现代中药产业化项目,以岭药业,空,未说明,空
第二类新闻,高压电机,通裕重工,空,中游,买,空
第二类新闻,空,空,晶华新材,空,买,6514.65万。
第二类新闻,空,空,天安新材,中游,购买,1300万股。
第二类新闻,光伏组件,空,晶科科技,中游,买,空。
第二类新闻,油田服务,空,ADNOC钻井公司,中游,买,8.02亿美元。
第二类新闻,视频创意软件,Wondershare Filmora,万兴科技,中游,买,空
第二类新闻,数据中心精准能效控制系统,空,达实智能,中游,买,空
第二类新闻,数据中心精准能效控制系统,空,达实智能,下游,卖,空
第二类新闻,钢铁,空,中钢国际,空,中游,空
第二类新闻,无人机,有棵树,空,空,卖,空
第二类新闻,显示器,MicroLED,友达,中游,买,空
第二类新闻,氯化亚砜,世龙实业,空,中游,买,空
第二类新闻,偏光片,空,面板厂商,下游,买,降价5%-10%。
第二类新闻,手机,Redmi K60,空,中游,卖,降价。
第二类新闻,鸭苗,空,种禽企业,中游,买,空。
第二类新闻,房地产,空,保利发展,中游,买,295.45亿元。
第二类新闻,空,特斯拉,空,空,买,降价。
第二类新闻,空,Galaxy S23系列手机,三星电子,空,买,空。
第二类新闻,可降解面料,嘉麟杰,空,中游,买,订单金额为空。
第二类新闻,灌溉设施,空,大禹节水,中游,卖,1.82亿元。
第二类新闻,电解液,永太科技,空,中游,买,空
第二类新闻,DRAM,空,SK海力士,中游,卖,HBM3报价五倍之多
第二类新闻,模具,铝合金一体化压铸产品,瑞鹄模具,空,中游,空。
第二类新闻,新能源混动车型,缸体、缸盖,长源东谷,下游,买,3月缸体系列订单为4万台，缸盖系列订单为2.7万台。
第二类新闻,智能服务机器人,空,奥拓电子,中游,空,空
第二类新闻,未说明,虚拟形象,北京百度网讯科技有限公司,中游,|卖,空。
第二类新闻,硬件算力,ChatGPT技术,空,中游,买,空
第二类新闻,电机,木工机械电机驱动产品,瑞德智能,中游,卖,空
第二类新闻,餐饮,奈雪茶院,深圳市品道餐饮管理有限公司,中游,买,空。
第二类新闻,电子设备,空,亿道信息,中游,买,3284.4万元。
第二类新闻,保险,恒泰保险经纪有限公司,江苏舜天,下游,卖,120.34万元
第二类新闻,智慧停车,ChatGPT,百胜智能,"中游,,,",买,空
第二类新闻,空,重型燃机,空,生产,买,空。
第二类新闻,磷酸铁锂电池系统,空,国内M客户,空,买,5000万元。
第二类新闻,空,空,中国建筑,空,销售,3358亿元。
第二类新闻,惯性导航总成,华依科技,中游,买,空,空
第二类新闻,储能,空,东方日升,上游,卖,4GWh。
第二类新闻,新能源及电子信息封装材料,空,德邦科技,下游,买,3.08亿元。
第二类新闻,畜牧业,空,北新路桥，新疆北新岩土工程勘察设计有限公司，新蒲建设集团有限公司,中游，中游，空,买,4亿元。
第二类新闻,光刻机,空,中芯国际,中游,买,450亿元。
第二类新闻,空,空,爱奇艺,中游,空,空
第二类新闻,家具,空,样板房,空,空,空
第二类新闻,空,华兴资本控股,包凡,公司位置未知,空,空
第二类新闻,自动驾驶辅助系统,空,德赛西威,中游,销售,空
第二类新闻,煤炭,空,泰克资源,上游,卖,空
第二类新闻,煤炭,商品煤,中国神华,空,卖,3010万吨。
第二类新闻,谷物,空,中国,上游,卖,空
第二类新闻,电池,TOPCon,横店东磁,中游,买,空
第二类新闻,FPGA,空,紫光国微,中游,买,空
第二类新闻,汽车,蔚来,空,下游,买,空
第二类新闻,黄酒,空,会稽山,生产商,空,空
第二类新闻,PHY芯片,空,裕太微,中游,买,空
第二类新闻,人工智能AI,创维小度AI盒子,创维数字,空,空,空
第二类新闻,汽车智能,空,创维数字,中游,买,空
第二类新闻,房产,快手,空,中游,卖,100亿元。
第二类新闻,槽罐,空,格林美,下游,买,4.83亿元。
第二类新闻,房地产,空,碧桂园集团,下游,买,空
第二类新闻,光储一体化,空,中国电建,中游,买,53.07亿元。
第二类新闻,化学,空,中国化学,空,买,331.40亿元。
第二类新闻,橡胶材料,恒辉安防,空,中游,空,空
第二类新闻,商品住宅用地,空,空,中游,买,空
第二类新闻,未说明,文心一言,百度集团,未说明,买,空
第二类新闻,空,空,多家实体企业,中游,买,空
第二类新闻,保障性租赁住房,空,北京、黑龙江、河南、山东、江西、四川、甘肃,中游、中游、中游、中游、中游、中游、中游,买,8万、7000、7.5万、8.3万、16.58万、10.3万、2.22万套(间)
第二类新闻,聚酯产品,空,帝人合资公司RePEaT,中游,买,空
第二类新闻,固态电池,氧化锆,三祥新材,中游,卖,空。
第二类新闻,新能源电池,空,达志科技,中游,买,空
第二类新闻,中药,"乌灵胶囊, 百令片",佐力药业,中游,买,空
第二类新闻,空,空,东风日产,中游,买,空。
第二类新闻,AI搜索,空,微软,中游,|卖,73.6亿美元。
第二类新闻,娱乐体育节目电视网,空,DraftKings,中游,买,空
第二类新闻,区块链,资产,Blockchain.com,空,卖,空。
第二类新闻,建筑材料,空,方大特钢,中游,买,空
第二类新闻,防护手套,空,蓝帆医疗,下游,买,空
第二类新闻,智能视频分析,空,神思电子,中游,买,空。
第二类新闻,重卡,醇氢重卡,远程汽车,空,买,空
第二类新闻,竞赛,空,叶圣陶杯华人青少年作文大赛所涉及产业链公司,中游,空,空
第二类新闻,房产,空,快手,中游,卖,100亿元。
第二类新闻,房地产,同基置业股权,厦门钨业,空,卖,2.52亿元
第二类新闻,酒店服务,空,天目湖全资子公司,中游,买,268万元。
第二类新闻,燃气计量仪表及配套产品,真兰,空,上游,买,8.97亿元
第二类新闻,公共数据,空,杭州市,中游,买,空。
第二类新闻,人工智能,ChatGPT,金财互联,中游公司,买,空
第二类新闻,空,空,山石网科,空,减持,不超过14%。
第二类新闻,智能语音追踪,ChatGPT,亿联网络,中游,买,空
第二类新闻,健康险,空,蚂蚁保,中游,买,187.5亿元。
第二类新闻,熟食预制菜,华英,空,中游,卖,空
第二类新闻,桌面终端设备,世恒TD120A2台式机、长城TN140A2笔记本电脑,中国长城,下游,卖,1691万。
第二类新闻,房地产,万科企业H股,GIC Private Limited,中游,卖,订单金额:空，持股比例从6.04%降至5.96%。
第二类新闻,食品饮料,空,华润材料,中游,买,空
第二类新闻,食品饮料,金龙鱼,华润材料,中游,买,空
第二类新闻,空,华安匠心甄选,空,空,买,10亿元。
第二类新闻,清洁能源,钙钛矿电池组件,华能集团,公司在产业链的位置：空,订单方向：空,订单金额大小：空
第二类新闻,硅料,空,空,中游,买,空
第二类新闻,新能源电池正极材料,空,湖南裕能,下游,空,空
第二类新闻,新能源汽车,空,均胜电子,中游,买,空
第二类新闻,电子,空,奥联电子,中游,卖,3亿元。
第二类新闻,宅地,空,滨江集团,下游,买,182.2亿
第二类新闻,微波/毫米波组件,盛路通信,空,下游,买,空
第二类新闻,游戏,空,腾讯计算机,中游,买,空
第二类新闻,空,空,富士康科技集团,中游,买,空
第二类新闻,空,文心ERNIE,百度,中游,买,空
第二类新闻,聚酯纤维,空,恒逸石化,中游,空,空
第二类新闻,座舱产品,第四代智能座舱产品,德赛西威,未说明,空,客户订单
第二类新闻,生猪,京基智农,中游,空,买,空
第二类新闻,锂,空,力拓,上游,卖,空。
第二类新闻,柔性OLED,空,京东方Ａ,中游,卖,空
第二类新闻,母婴用品,空,元隆雅图,下游,买,空
第二类新闻,铁矿石,空,海南矿业,中游,买,空
第二类新闻,锂盐,空,雅化集团,中游,卖,空
第二类新闻,空,空,华为公司,中游,买,空
第二类新闻,钯金,空,瑞银,中游,买,空。
第二类新闻,复合铜箔,空,双星新材,下游,购买,空。
第二类新闻,空,实物商品,阿里巴巴,中游,卖,降幅为中等个位数。
第二类新闻,奶酪,百吉福,空,空,买,空
第二类新闻,CMOS图像传感器,空,彩钰科技,产业链位置未指明,买,空
第二类新闻,美容业务,化妆品,LG电子,中游,买,空
第二类新闻,房地产,空,保利,中游,买,空
第二类新闻,车联网,空,万通智控,中游,销售,空。
第二类新闻,激光雷达,空,Luminar,上游,销售,订单金额超过市值30%
第二类新闻,AR设备,空,和硕,中游,卖,空
第二类新闻,激光雷达,空,Luminar Technologies,中游,卖,空
第二类新闻,白卡纸,晨鸣纸业,上游,卖,空,提价
第二类新闻,商用车,空,一汽解放四川分公司,下游,买,空。
第二类新闻,SUV,空,中汽协,中游,卖,订单金额：空
第二类新闻,5G,空,三星电子,中游,卖,空
第二类新闻,燃料电池,质子交换膜燃料电池催化剂,凯立新材,中游,买,空
第二类新闻,临期食品,空,艾媒数据,中游,买,318亿元。预计2023年将突破350亿元；在2025年达到401亿元。
第二类新闻,科技,倍升互联股权,华软科技,上游,卖,2.05亿元。
第二类新闻,空,空,三羊马,中游,卖,2.1亿元。
第二类新闻,太阳能,空,晶澳科技,下游,买,89.6亿元
第二类新闻,晶硅片,空,上机数控,空,买,59.09亿元。
第二类新闻,司库管理系统,空,中信银行,下游,买,空
第二类新闻,革基布,空,云中马,中游,买,空
第二类新闻,革基布,空,云中马,中游,卖,空
第二类新闻,环保设备,空,云中马,中游,买,空
第二类新闻,环保设备,空,云中马,中游,卖,空
第二类新闻,空,空,台行政机构,中游,买,6000元新台币。
第二类新闻,人工智能技术,自然语言处理工具,和林微纳,空,买,空
第二类新闻,毫米波雷达,空,联合光电,中游,买,空。
第二类新闻,新能源扁型电磁线,空,摩恩电气,中游,空,空
第二类新闻,电影,《指环王》系列,华纳兄弟,空,空,空
第二类新闻,电池,空,蔚来,中游,出货,订单金额：空
第二类新闻,汽车,车标,北京百度网讯科技有限公司,未知,下游,空。
第二类新闻,新能源汽车,空,赛力斯,中游,买,空
第二类新闻,智能驾驶系统,空,赛力斯,中游,买,空
第二类新闻,全新车型,空,赛力斯,中游,买,空
第二类新闻,联合创新中心,空,赛力斯,中游,买,空
第二类新闻,智能驾驶系统,空,华为,中游,买,空
第二类新闻,联合创新中心,空,华为,中游,买,空
第二类新闻,新能源,高频电感及升压变压器,伊戈尔,空,空,空。
第二类新闻,农资流通,空,云图控股,中游,买,空
第二类新闻,金融服务,空,江苏银行,中游,买,空
第二类新闻,燃料电池,空,松下,中游,销售,空
第二类新闻,空,空,吉利控股集团,空,购买,空。
第二类新闻,汽车,比亚迪,空,空,降价,-10000元。
第二类新闻,新材料,江苏新拓,中游,卖,空,订单金额：空。
第二类新闻,空,空,华测国际认证有限公司,中游,买,空
第二类新闻,锂矿,空,雅化集团,中游,买,空
第二类新闻,TPMS,蓝牙TPMS,万通智控,中游,前装供货,空
第二类新闻,钠电正极材料,振华新材,空,中游,出货,空。
第二类新闻,汽车电子,4D毫米波雷达,长电科技,中游,卖,空
第二类新闻,光伏发电,空,粤水电,下游,买,982800000元。
第二类新闻,空,中期票据,中国巨石,中游,买入,1000000000元。
第二类新闻,N型TOPCon电池,晶科能源,空,中游,买,空
第二类新闻,N型TOPCon电池,晶科能源,空,中游,卖,空
第二类新闻,电化学储能,梅州五华项目,南网储能,中游公司,卖,空
第二类新闻,烟包,大胜达,空,中游,空,空
第二类新闻,空,空,四方新材,中游,买,空。
第二类新闻,空,空,万讯自控,中游,买,空
第二类新闻,空,核心单品,苏宁易购、海信,下游、中游,买,100亿。
第二类新闻,含铂化疗,EGFR×HER3双抗ADC,百利天恒,中游,卖,空
第二类新闻,含铂化疗,EGFR×HER3双抗ADC,百利天恒,中游,买,空
第二类新闻,空,EGFR突变,百利天恒,中游,卖,空
第二类新闻,化疗,空,百利天恒,中游,买,空
第二类新闻,平板电脑,吉利手机关联公司湖北星纪魅族科技有限公司,空,中游,购买,空。
第二类新闻,橡胶,空,空,中游,买,76亿泰铢。
第二类新闻,汽车,蔚来,空,下游,买,空
第二类新闻,基坑工程施工,空,粤水电,下游,卖,6880万元。
第二类新闻,办公楼,空,旭辉集团，中骏集团,中游，中游,卖，卖,5.5亿元，8.8亿元，约25亿元。
第二类新闻,金属矿采选,新邵辰鑫,湖南黄金,中游,买,720万元。
第二类新闻,办公楼,空,"旭辉集团,中骏集团","中游,中游","卖,卖","14亿元,25亿元。"
第二类新闻,农业种业,空,农发种业,中游,卖,20677.24万元。
第二类新闻,空,雷克萨斯NX,丰田,上游,销售,空
第二类新闻,AI技术,空,绿地数字科技有限公司,中游,买,空
第二类新闻,手机、家电、酒水,京东,空,中游,买,空。
第二类新闻,宽带网络终端及连接设备,空,创维数字,中游,买,空。
第二类新闻,金融租赁,空,中国银协,中游,买,空。
第二类新闻,人工智能,空,苏州科达,下游,买,空
第二类新闻,车载毫米波雷达,纳睿雷达,空,中游,空,空
第二类新闻,汽车零部件,电动助力转向,浙江世宝,空,中游,空
第二类新闻,车载激光雷达,田中精机,空,中游,买,空
第二类新闻,游戏,空,伽马数据,中游,买,240.52亿元
第二类新闻,人工智能,空,中金公司,产业链中游,买,空。
第二类新闻,AI,空,创新奇智,中游,买,空
第二类新闻,房地产,空,万科A,中游,卖,587.5亿元。
第二类新闻,农作物种业,空,隆平高科,中游,买,空
第二类新闻,基础开发平台及标准化软件,空,金现代,中游,买,不超过2亿元
第二类新闻,人造石墨,空,科达制造,中游,买,空
第二类新闻,人造石墨,空,科达制造,上游,卖,空
第二类新闻,人造石墨,空,空,下游,买,空
第二类新闻,人造石墨,空,空,下游,卖,空
第二类新闻,人造石墨,空,空,中游,空,预计10万吨/年
第二类新闻,新能源汽车充换电,空,东方银星,中游,买,空
第二类新闻,罗辛铀矿,空,江南化工,中游,买,53.59亿元。
第二类新闻,空,国网项目,特锐德,中游,买,6780.5万元。
第二类新闻,设备,空,腾景科技,中游,买,空
第二类新闻,啤酒,高端啤酒,百威亚太控股有限公司,空,买,空
第二类新闻,空,中国软件,中孚信息,"中游，下游,,,\,\,空",买,空
第二类新闻,管理,空,卫龙,供应链中心,卖,空
第二类新闻,管理,空,卫龙,销售中心,卖,空
第二类新闻,管理,空,卫龙,海外事业发展中心,卖,空
第二类新闻,空,伯克希尔哈撒韦B类普通股,空,中游,卖,1977443.66
第二类新闻,滑雪登山,空,中国队,中游,买,空
第二类新闻,MCU芯片,全屋智能雷达,国民技术,中游,卖,空
第二类新闻,磷酸锰铁锂,空,德方纳米,生产商,空,空
第二类新闻,计算机,空,神州泰岳,空,中游,空
第二类新闻,空,空,国资委,空,空,空
第二类新闻,石英谐振器,空,紫光国微,中游,空,空
第二类新闻,FPGA,空,紫光国微,中游,空,空
第二类新闻,主管道采购,华能SK项目,烟台台海玛努尔核电设备有限公司,下游,买,2.13亿元。
第二类新闻,空,空,申华控股,中游,卖,空
第二类新闻,网约车,空,美团,下游,转入,空
第二类新闻,房地产,空,越秀地产,中游,卖,137.12亿元
第二类新闻,房地产,空,保利置业集团,中游,卖,820000000元
第二类新闻,房地产,空,金地集团,中游,买,147.9亿元
第二类新闻,手机,华为,空,中游,买,空。
第二类新闻,智能语音交互,空,炬芯科技,中游,买,空。
第二类新闻,锂离子电池负极材料,空,索通发展,未说明,买,空
第二类新闻,化药,方盛制药,空,中游,买,空
第二类新闻,生物制药,空,神州细胞工程有限公司,中游,买,空。
第二类新闻,Green Host材料,空,莱特光电,中游,买,空
第二类新闻,房地产,空,保利发展,中游,买,342.84亿元。
第二类新闻,房地产,空,新城控股,中游,卖,135.85亿元。
第二类新闻,烃基生物柴油,空,卓越新能,中游,卖,订单金额：空
第二类新闻,智能制造,空,哈工智能,中游,买,空，订单金额大小未说明
第二类新闻,风力发电,主齿轮箱用滑动轴承,长盛轴承,"中游,,,空,,,空",买,空。
第二类新闻,集装箱航运物流业务,空,海丰国际,中游,卖,约19.498亿美元。
第二类新闻,房地产,空,中骏集团控股,中游,卖,3809000000。
第二类新闻,集成电路及模块封装,空,长电科技,中游,买,空
第二类新闻,保障性住房,空,北京东城区,下游,买,1300套。
第二类新闻,物流,跑腿骑手,货拉拉,中游,买,空。
第二类新闻,电子商贸,空,电视广播,中游,卖,空
第二类新闻,炼焦煤,空,山西焦化,中游,卖,空
第二类新闻,空,智慧医院工程项目,达实智能,中游,买,6188万元。
第二类新闻,空,折叠屏手机产品,星纪魅族集团,中游,买,空
第二类新闻,汽车,长城汽车(02333.HK),空,中游,卖,订单金额：空
第二类新闻,新能源车,长城汽车(02333.HK),空,下游,卖,订单金额：空
第二类新闻,工业用纸包装,空,上海艾录,中游,买,不超过5亿元。
第二类新闻,客车,亚星,空,下游,买,订单金额：空
第二类新闻,黄酒,古越龙山,中游,买,空,
第二类新闻,储能业务,铭利达,空,中游,买,空
第二类新闻,光刻胶,容大感光,中游,卖,空,20cm。
第二类新闻,电子商务,空,江苏苏宁易购电子商务有限公司,下游,买,3.23亿元。
第二类新闻,军工,空,霍莱沃,下游,买,14%
第二类新闻,光伏发电,空,小鹏汽车科技有限公司,中游,买,空。
第二类新闻,皮具,香奈儿,空,中游,买,10000
第二类新闻,汽车零部件,一彬科技,中游,空,买,空
第二类新闻,新能源发电,空,Vernova,中游,买,可观的自由现金流。
第二类新闻,文化传媒,抖音直播,华谊兄弟时尚（上海）文化传媒有限公司,中游,卖,空
第二类新闻,汽车,空,中国一汽,中游,卖,37000元。
第二类新闻,房地产,空,招商蛇口,中游,销售,225.43亿元
第二类新闻,空,空,金盘科技,未指明,买,2.68亿元。
第二类新闻,轨道交通,空,中国通号,中游,卖,2038000000。
第二类新闻,手机,华为P60,华为,中游,买,空
第二类新闻,微型显示屏,空,广西企业,中游,买,空。
第二类新闻,财富管理,空,重庆农商行,中游,买,空
第二类新闻,汽车,空,上汽集团,中游,卖,30.1万辆。
第二类新闻,汽车,空,上汽集团,下游,卖,35.8万辆。
第二类新闻,新能源汽车,空,上汽集团,下游,卖,4.5万辆。
第二类新闻,汽车,空,上汽集团,下游,卖,8.4万辆。
第二类新闻,金融自助设备,国产操作系统替代方案,恒银科技,空,中游,空
第二类新闻,风电,空,空,上游,买,空
第二类新闻,储能电芯,空,德赛电池,中游,卖,空
第二类新闻,电影,小美人鱼,迪士尼企业公司,空,中游,空
第二类新闻,汽车,空,东风汽车公司,中游,卖,空
第二类新闻,光伏,空,横店东磁,中游,卖,空
第二类新闻,建筑工程,空,陕西建工,中游,买,73.33亿元
第二类新闻,租车,空,飞猪,中游,买,空。
第二类新闻,汽车,Q6 e-tron,奥迪,中游,销售,空
第二类新闻,管材,韩建河山,空,中游,买,2.03亿元。
第二类新闻,高分子新材料,空,海泰科,中游,买,空
第二类新闻,未指明供应链种类,空,快手电商,空,买,订单金额为125%。
第二类新闻,海水提锂,超微滤膜组件,津膜科技,中游,空,空。
第二类新闻,碳化硅设备,宇环数控,空,研发或技术指标验证阶段,空,空
第二类新闻,轨道交通,空,中国通号,中游,卖,203.8亿。
第二类新闻,空,空,卫宁健康,空,买,空。
第二类新闻,空,空,卫宁健康,中游,买,空。
第二类新闻,存储设备,蓝光存储,易华录,中游,买,空
第二类新闻,高压氢阀,南通新能源,中游,空,空,空
第二类新闻,加密货币,USDC,Circle,中游,买,33亿美元。
第二类新闻,空,空,兰石重装,中游,买,空。
第二类新闻,空客A400m,空,西班牙,中游,取消,空。
第二类新闻,空,原保险合同保费,中国平安,中游,卖,1922.56亿元。
第二类新闻,空,空,SVB金融集团,未知,买,空
第二类新闻,AIGC,空,蓝色光标,下游,买,空
第二类新闻,新媒体广告业务系统,AI智能助手QMi,元隆雅图,中游,空,空
第二类新闻,汽车,空,重庆国际物流枢纽园区,空,中游,空
第二类新闻,光刻胶色浆产品,空,世名科技,未说明,中游,空。
第二类新闻,空,空,芝商所（CME）,中游,卖,6600万份合约。
第二类新闻,能源,空,中国核建,中游,买,207.52亿元。
第二类新闻,电子元器件,平面光波导芯片,瑞芯源,中游,空,空
第二类新闻,空,综合办公楼,南京武夷公司,卖方,中游,2264.3万元。
第二类新闻,空,空,智能自控,中游,出货,空。
第二类新闻,激光雷达清洗相关产品,日盈电子,空,空,供应,空
第二类新闻,精密注塑模具,海泰科,空,生产商,买,7160.94万元/年。
第二类新闻,空,空,美图公司,空,卖,2亿港元
第二类新闻,教育业务,空,知乎,中游,卖,空
第二类新闻,新能源车材料,PP\PET铜箔,罗博特科,空,空,空
第二类新闻,手机,iQOO,空,中游,卖,空
第二类新闻,液氢,研发公司：中集圣达因低温装备有限公司,中集圣达因低温装备有限公司的产业链位置为空,空,买,空
第二类新闻,GPU服务器,空,优刻得,中游,卖,空
第二类新闻,生猪,空,新希望,中游,卖,25.41亿元
第二类新闻,食品,富硒土豆,巴奴毛肚火锅,空,买,空    顾客赔偿
第二类新闻,空,"零部件,芯片",宝马,中游,买,空。
第二类新闻,电子设备,折叠屏开合结构,魅族科技有限公司,空,空,空
第二类新闻,数字经济,元宇宙数字人,创业黑马,空,空,空
第二类新闻,搜索引擎,文心一言,2345.com,下游,买,空
第二类新闻,聊天机器人技术,空,微软,下游,买,空
第二类新闻,空,可转债,葫芦娃,空,买,5亿元。
第二类新闻,林业,空,岳阳林纸,中游,买,2000万元。
第二类新闻,空,空,盈峰环境,中游,买,3.9亿元。
第二类新闻,猪肉,空,天邦食品,中游,卖,61640.87万元。
第二类新闻,生成式AI产品,文心一言,百度,空,空,空
第二类新闻,半导体,皇庭国际,空,转型公司,空,空。
第二类新闻,汽车,小鹏汽车,中游,买,空,20万-30万元。
第二类新闻,空,车型设计,何小鹏,中游,买,空
第二类新闻,换电服务,巧克力换电,宁德时代,中游,卖,空
第二类新闻,快递,空,圆通速递,中游,卖,39.54亿元。
第二类新闻,生猪,金新农,空,下游,卖,21853.52万元
第二类新闻,药品,BC001,步长制药,步长制药在产业链的位置,买,空
第二类新闻,白酒糟生物发酵饲料,路德环境,空,下游,买,空
第二类新闻,未指明供应链种类,空,凯格精机,空,卖,空
第二类新闻,空,空,淡水河谷,中游,买,空
第二类新闻,冰箱,奥马电器,中游,买,空,280万台。
第二类新闻,空,空,复星系,空,卖,350亿元。
第二类新闻,新能源车,比亚迪,空,上游,空,空
第二类新闻,海上风电,空,中国广核集团,下游,买,空
第二类新闻,空,空,分众传媒,空,买,空
第二类新闻,智慧交通,空,80多家创新型企业集群,中游,买,空
第二类新闻,新能源,空,空,中游,买,空
第二类新闻,空,客户资金,嘉信理财,中游,买,165亿美元。
第二类新闻,碳化硅,长晶炉,露笑科技,中游,卖,空。
第二类新闻,动车组闸片,空,金麒麟,下游,买,37.4万元。
第二类新闻,车载镜头,联创电子,空,下游,空,空
第二类新闻,空,财富管理,瑞银,中游,买,空
第二类新闻,产业链种类,空,中央企业和中央金融机构,中游,买,空
第二类新闻,锂矿,李家沟锂矿项目,雅化集团,下游,买,空
第二类新闻,聚氨酯弹性体,七彩化学,空,中游,空,空
第二类新闻,医药装备与材料,空,楚天科技,中游,买,11亿元。
第二类新闻,空,空,圣农发展,中游,卖,16.20亿元。
第二类新闻,5G,空,中国移动,中游,买,6.39133亿户。
第二类新闻,宽带,空,中国移动,中游,买,空
第二类新闻,移动业务,空,中国移动,中游,买,空
第二类新闻,工业污水处理,空,ST星源,中游,采购,3.45亿元。
第二类新闻,数字文化,空,浙文互联,中游,买,空。
第二类新闻,动画电影制作,空,光线传媒,空,中游,空
第二类新闻,剧本创作,空,光线传媒,空,中游,空
第二类新闻,音乐创作,空,光线传媒,空,中游,空
第二类新闻,财富管理,空,瑞信,中游,卖,空
第二类新闻,空,恒大,空,中游,买,空
第二类新闻,新兴技术,ChatGPT,百纳千成,中游,买,空
第二类新闻,专利,非核心专利,黑莓公司,中游,卖,9亿美元。
第二类新闻,春游商品,空,飞猪,中游,买,空
第二类新闻,国际机票,空,飞猪,中游,买,46%
第二类新闻,签证办理,空,飞猪,中游,买,近7倍
第二类新闻,广告业务,ChatGPT,公司,中游,买,空
第二类新闻,硬件设备,ChatGPT,昆仑万维,中游,买,4400万美元。
第二类新闻,3D视觉感知产品,奥比中光,空,中游,买,空
第二类新闻,石墨制品,空,中银绒业,空,空,空
第二类新闻,液态储氢,空,航天科技集团,中游,买,空
第二类新闻,高精度地图,空,四维图新,中游,买,空
第二类新闻,能源电力,空,杭州柯林,中游,空,空
第二类新闻,单晶方棒,空,双良节能,中游,买,26.02亿元。
第二类新闻,绿色新材料,空,宏柏新材,中游,采购,10亿元
第二类新闻,药品,空,普洛药业,中游,卖,2.13亿元-2.45亿元
第二类新闻,先进金属材料、非金属材料、电子功能材料等新材料产业链，生物医药、现代中药、高端医疗器械等现代医药产业链，风电、光伏、节能环保装备、节能环保服务等新能源和节能环保产业链，新能源及智能网联汽车产业链，装备制造、绿色食品、新型材料、电子信息、节能环保、现代轻纺、绿色建材等7个万亿级和汽车制造、生物医药、现代化工3个5000亿级重大先进制造业集群,空,新能源及智能网联汽车产业链,购买,空,订单金额：空
第二类新闻,生猪,正虹科技,空,中游,卖,"2,274.80万元"
第二类新闻,宅地,空,"港投雍景,,,华发","中游,,,下游",买,35.64亿元。
第二类新闻,跨境电商,有关产品,通达创智,供应链位置空,买,空
第二类新闻,空,新能源汽车,麦捷科技,上游,买,空
第二类新闻,空,光储充,麦捷科技,上游,买,空
第二类新闻,空,服务器,麦捷科技,上游,买,空
第二类新闻,汽车,空,上海公司,中游,买,空
第二类新闻,电力,空,华润电力,中游,卖,7042亿港元。
第二类新闻,智能驾驶产品,空,元戎启行,中游,销售,7000元
第二类新闻,智能驾驶产品,空,元戎启行,中游,销售,1.4万元
第二类新闻,汽车,曹操汽车,吉利汽车,中游,卖,空
第二类新闻,增强现实技术,空,Snap,中游,卖,空
第二类新闻,电动汽车,福特汽车,空,下游,购买,空
第二类新闻,电动车,ID.4,大众,空,销售,空。
第二类新闻,AR技术,空,Snap公司,中游,卖,空
第二类新闻,数字化转型,iPSA Copilot,软通动力,中游,买,空。
第二类新闻,黄金,黄金,西部黄金,中游,买,空
第二类新闻,智能芯片,空,全志科技,中游,买,空
第二类新闻,空,软件技术服务,法本,中游,买,空
第二类新闻,AI电视,空,红棉小冰公司,下游,买,空
第二类新闻,空,空,国林科技,中游,买,订单金额大小。
第二类新闻,军事设备,空,美国,中游,卖,空
第二类新闻,外汇,空,上海农商银行,中游,买,空。
第二类新闻,空,空,中国奥园,未确定,暂缓偿还,空。
第二类新闻,保险,空,中国财险(02328.HK),中游,卖,103.29亿元
第二类新闻,耳机,AirPods Pro 2,苹果,中游,销售,空.
第二类新闻,自动驾驶,空,小马智行,空,离职,空。
第二类新闻,生猪,空,正邦科技,生产/销售商,卖,515000000.0
第二类新闻,生猪销售,空,大北农,下游,卖,7.44亿元
第二类新闻,农田改造,空,大禹节水公告,上游,卖,10861万元。
第二类新闻,药品,盐酸二甲双胍缓释片,哈尔滨珍宝制药有限公司,生产商,买,空
第二类新闻,滚装船,空,长久物流,空,中游,空
第二类新闻,汽车电子线材,新亚电子,中游,空,买,空。
第二类新闻,汽车,G级、S级、E级、GLC汽车,梅赛德斯-奔驰（中国）汽车销售有限公司、北京奔驰汽车有限公司,下游、下游、中游、中游,召回,17966 辆、7 辆、548 辆。
第二类新闻,核能,空,中国广核,下游,买,空。
第二类新闻,空,五星价格力,淘宝,空,空,空
第二类新闻,冰淇淋,茅小凌,中国贵州茅台酒厂（集团）有限责任公司,生产商,买,空
第二类新闻,北斗通信系统,空,华为技术有限公司,中游,买,空
第二类新闻,人脸识别软件,空,腾讯科技（深圳）有限公司,空,中游,空
第二类新闻,饲料,空,唐人神,中游,买,空
第二类新闻,语音识别,空,熵基科技,中游,买,空
第二类新闻,光伏组件,协鑫集成,空,上游,买,空
第二类新闻,空,空,东方通,中游,买,空
第二类新闻,汽车,空,比亚迪汽车工业有限公司,中游,买,空。
第二类新闻,通用航空,空,中信海直,下游,买,2735万元。
第二类新闻,甲醇,空,圣济堂,中游,卖,空
第二类新闻,AI人工智能,空,爱朋医疗,中游,买,空
第二类新闻,车用传感器,车用传感器、ADAS产品,保隆科技,中游,买,空
第二类新闻,空,GPT,电科数字,中游,卖,空
第二类新闻,声学器件,SOC芯片,共达电声,空,中游,空
第二类新闻,声学器件,空,无锡感芯,中游,空,空
第二类新闻,液晶监视器面板,空,TrendForce集邦咨询,中游,买,空
第二类新闻,液晶监视器面板,空,品牌厂,上游,空,空
第二类新闻,液晶监视器面板,空,面板厂,下游,卖,空
第二类新闻,液晶监视器面板,空,空,空,空,3190万片
第二类新闻,液晶监视器面板,空,空,空,空,3670万片
第二类新闻,空,空,大金重工,中游,买,不超过14亿元。
第二类新闻,汽车智能系统,空,比亚迪电子,中游,买,92.63亿元
第二类新闻,汽车,空,比亚迪,中游,卖,3246.91亿元
第二类新闻,手机部件,空,比亚迪,中游,卖,988.15亿元
第二类新闻,外卖,空,美团,下游,卖,空
第二类新闻,光伏发电,空,南都电源,中游,买,1.39亿元。
第二类新闻,新能源,空,豪鹏科技,上游,买,不超过11亿元。
第二类新闻,电镀金刚线,空,岱勒新材,空,买,9.2亿元。
第二类新闻,空,二氧化碳资源化利用联合实验室,通源环境,中游,买,空。
第二类新闻,中成药,复方血栓通、冠心宁等口服和注射中成药,空,空,采购,订单金额降幅大于40%。
第二类新闻,AI智能化,miniPC,英博达,中游,买,空
第二类新闻,原料药,石四药集团,空,中游,买,11.23亿港元。
第二类新闻,电池,兴发集团,中游,空,买,空。
第二类新闻,能源行业,自然语言处理大模型,云鼎科技,空,空,空。
第二类新闻,摩托车,无极系列机车,隆鑫通用,中游,买,空。
第二类新闻,药品,那屈肝素钙注射液,东诚药业,中游,买,空
第二类新闻,药品,非洛地平缓释片,九典制药,下游,卖,空
第二类新闻,煤炭,陶忽图煤矿,淮北矿业,下游,买,空
第二类新闻,药品,生长抑素,双成药业,中游,买,空。
第二类新闻,药品,丙氨酰谷氨酰胺注射液,灵康制药,中游,买,空
第二类新闻,房产,空,北京御新赢创科技有限公司,中游,卖,2730万元
第二类新闻,农资,空,全国供销合作社,中游,买,空
第二类新闻,汽车板,空,华菱钢铁,下游,买,空
第二类新闻,镀锌钢绞线产品,恒星科技,空,中游,买,订单金额空。
第二类新闻,通信芯片,空,力合微,中游,买,空
第二类新闻,食品,榨油、精炼、小包装油等,金龙鱼,空,中游,空
第二类新闻,粮食,米、面,金龙鱼,空,中游,空
第二类新闻,食品,央厨,金龙鱼,空,中游,空
第二类新闻,驱动器 IC (DDI),空,后端工厂,中游,买,空
第二类新闻,空,空,马士基集团,中游,购买,空。
第二类新闻,光伏发电,空,露笑科技,中游,卖,4500万元-6500万元。
第二类新闻,新能源汽车,空,比亚迪,中游,买,空
第二类新闻,汽车,空,比亚迪,中游,买,空
第二类新闻,药品,托拉塞米注射液,步长制药,未明示,买,空
第二类新闻,音乐,滚石唱片,网易云音乐,空,买,空
第二类新闻,机器学习模型,空,谷歌,上游,买,空
第二类新闻,CDMO,空,圣诺生物,中游,买,空
第二类新闻,电池,N型i-TOPCon电池技术,天合光能,中游,卖,订单金额：空，因为未说明。
第二类新闻,新能源汽车,空,广州市,空,买,10000元/台
第二类新闻,氢氧化锂,空,天宜锂业,上游,卖,72500±10%公吨。
第二类新闻,碳化硅产品,SiC衬底,华润微,下游,买,空
第二类新闻,空,空,泛海控股,中游,买,2.72亿元
第二类新闻,药品,伏立康唑、头孢地嗪钠,丽珠集团,生产商,销售,空
第二类新闻,电信业务,空,华为,中游,销售,2840亿元。
第二类新闻,电动航空,空,罗尔斯·罗伊斯,中游,调任,空
第二类新闻,防务业务,空,Adam Riddle,下游,空,空
第二类新闻,房地产,空,正虹科技,空,卖,1700万元。
第二类新闻,智能汽车解决方案,问界汽车,空,中游,买,空
第二类新闻,存储器,主动元器件,好上好,中游,买,空
第二类新闻,新能源汽车,空,安洁科技,中游,买,空
第二类新闻,碳酸锂,赣锋锂业,空,中游,卖,空
第二类新闻,音乐,空,酷狗音乐,中游,买,空
第二类新闻,新能源汽车产业,空,北汽集团,中游,买,空
第二类新闻,房地产,空,保利置业,中游,卖,217亿元。
第二类新闻,汽车,空,比亚迪汽车工程研究院,中游,买,空
第二类新闻,新能源汽车,空,比亚迪,中游,卖,空
第二类新闻,生猪,空,傲农生物,中游,卖,空
第二类新闻,空,票据,中国恒大,中游,买,空
第二类新闻,特种集成电路,空,紫光国微,中游,买,空
第二类新闻,AI GIS技术,空,超图软件,中游,买,132%。
第二类新闻,空,空,博世科,中游,买,1.75亿元
第二类新闻,数字货币,未说明,B站,不明确,卖,空。
第二类新闻,碳纤维,T800级,中简科技,上游,卖,空。
第二类新闻,汽车,海马汽车,空,中游,卖,订单金额：空
第二类新闻,保健品,汤臣倍健,空,中游,买,8.95亿元-10.3亿元
第二类新闻,白酒,舍得酒业,上游,空,买,空
第二类新闻,空,空,安踏，舒肤佳，润百颜，相宜本草，一汽丰田,空,空,空
第二类新闻,电子烟,中百集团,零售商,空,买,空
第二类新闻,锆材,三祥新材,空,下游,买,空。
第二类新闻,运动品牌,空,安踏,下游,终止合作,空
第二类新闻,游戏产品,ChatGPT,星辉娱乐,"中游,,,空",空,空
第二类新闻,游戏产品,AI技术,星辉娱乐,中游,空,空
第二类新闻,RF滤波器,普诺威,崇达技术,中游,买,空
第二类新闻,人工智能技术,空,捷安高科,中游,买,空。
第二类新闻,房地产,空,越秀地产,中游,卖,438.33亿元。
第二类新闻,房地产,空,越秀地产,中游,卖,212.37亿元
第二类新闻,田园综合体,空,东方园林,中游,卖,4.84亿元。
第二类新闻,电池材料,空,SKC子公司,中游,买,1000亿元韩元
第二类新闻,房地产,空,金地商置,中游,卖,419.8亿元
第二类新闻,数字藏品,空,鲸探,中游,卖,空。
第二类新闻,聚乳酸,空,海创达,未说明,购买,空
第二类新闻,球形氧化铝,壹石通,空,下游,买,空。
第二类新闻,商品住宅,新建,空,下游,买,61079元/平方米
第二类新闻,酒店、门票,空,飞猪,中游,买,空
第二类新闻,酒店,空,飞猪,国际,买,空
第二类新闻,金融,空,瑞信,中游,卖,空
第二类新闻,空,空,润和软件,中游,买,空
第二类新闻,CPO,空,剑桥科技,中游,买,空
第二类新闻,血液肿瘤,ICP-490,诺诚健华,空,空,空
第二类新闻,空,方正湖北股权,方正电机,上游,卖,空
第二类新闻,钢构产品,空,鸿路钢构,中游,卖,720.5亿元
第二类新闻,空,空,中南建设,未说明,卖,44.0亿元
第二类新闻,房地产,空,中南建设,中游,卖,44.0亿元
第二类新闻,25-羟基维生素D3系列产品,昂利康控股子公司江西淳迪,空,中游,买,空
第二类新闻,房地产,空,万科Ａ,中游,卖,426.3亿元
第二类新闻,矿产勘探,空,必和必拓(BHP Group),中游,买,空。
第二类新闻,夜市,空,万达汽车小镇,下游,买,空。
第二类新闻,铝,空,花旗,空,买,2700美元。
第二类新闻,航空器,空客公司,空客公司,中游,买,空
第二类新闻,导航设备,空,华测导航,下游,买,7800万元至8100万元。
第二类新闻,空,空,绿城中国,中游,卖,613亿元。
第二类新闻,游戏业务,空,完美世界,中游,买,13.77亿元。
第二类新闻,房地产,空,正荣地产,中游,卖,18.11亿元
第二类新闻,房地产,空,正荣地产,中游,卖,47.87亿元
第二类新闻,房地产开发,空,合生创展集团,中游,买,100.67亿元。
第二类新闻,汽车,整车,力帆科技,中游,卖,订单金额空
第二类新闻,房地产,空,弘阳地产,中游,卖,73.13亿元。
第二类新闻,数据中心温控,散热结构件,科创新源,中游,买,空
第二类新闻,健康代餐固体饮料,明德生物,空,产业链未说明,空,空
第二类新闻,药品,空,山河药辅,中游,卖,4741万元-5141万元。
第二类新闻,空,AIGC技术,华策影视,中游,买,空
第二类新闻,生猪,空,唐人神,中游,卖,43158万元
第二类新闻,新能源车,空,长城汽车,中游,卖,"13,155台"
第二类新闻,新能源车,空,长城汽车,中游,卖,"27,808台"
第二类新闻,生猪,空,正邦科技,中游,卖,5.45亿元。
第二类新闻,生猪,天康生物,空,中游,销售,3.86亿元。
第二类新闻,客车,金龙汽车,空,中游,销售,6958辆，同比下降25.90%。
第二类新闻,客车,金龙汽车,空,下游,卖,订单金额：空。
第二类新闻,云原生数据库,POLARDB,超图软件,中游,卖,空
第二类新闻,智联CIM事件孪生平台,空,超图软件,中游,空,空
第二类新闻,中文大模型,"通义万象, 通义晓语, 通义博研, 通义晓问, 通义万相",阿里巴巴达摩院（杭州）科技有限公司,空,买,空
第二类新闻,EPB,空,伯特利,生产商,卖,空
第二类新闻,储氢产品,空,国机重装,中游,买,空
第二类新闻,人造太阳相关产品,空,国机重装,中游,买,空
第二类新闻,锡焊膏,华光新材,空,下游,买,空
第二类新闻,图形解决方案,AMD Radeon,三星电子,中游,买,空
第二类新闻,储能电芯,远景动力,空,中游,买,空。订单金额和其他特征未提及，无法确定。
第二类新闻,境外跟团游,空,空,下游,买,157%增长
第二类新闻,显示面板光刻胶,久日半导体,生产商,中游,空,空
第二类新闻,苯乙烯类热塑性弹性体,空,中国石化海南巴陵化工新材料有限公司,空,生产,空
第二类新闻,光模块产品,欧飞凌,中游,空,空,空
第二类新闻,光模块,空,飞利信,中游,卖,空
第二类新闻,碳酸锂,空,富宝锂电,中游,买,价格区间19.6万元到22.8万元。
第二类新闻,乳制品,空,中信建投,空,买,空
第二类新闻,体育用品,新赛季球衣,空,下游,买,空
第二类新闻,玩具,空,中国玩具和婴童用品协会,空,中游,空
第二类新闻,空,空,嘉信理财,中游,买,530亿美元
第二类新闻,液体动力发动机,空,中国航天科技集团有限公司六院165所铜川试验区,中游,买,空。
第二类新闻,空,空,铁建重工,中游,卖,33.63亿元。
第二类新闻,双发多用途直升机,航空工业,空,下游,买,空
第二类新闻,电池,亿纬锂能,空,中游,卖,10.42亿元-11.47亿元。
第二类新闻,MEMS硅光子器件,赛微电子,空,生产商,下游,空
第二类新闻,超级电容器,空,风华高科,空,中游,空
第二类新闻,空,集成电路,英特尔集成电路（海南）有限公司,下游,买,空。
第二类新闻,新能源车,换电池,空,中游,买,空
第二类新闻,白酒,空,空,上游,买,空
第二类新闻,光伏,空,空,上游,买,空
第二类新闻,自动化,空,空,上游,买,空
第二类新闻,电信运营商,空,空,上游,卖,空
第二类新闻,光伏,空,空,上游,买,空
第二类新闻,生猪养殖,空,空,上游,买,空
第二类新闻,工程机械,空,空,上游,买,空
第二类新闻,存储芯片,空,美光科技,中游,买,空
第二类新闻,汽车,长城汽车,空,空,销售,94043辆。
第二类新闻,空,空,埃夫特,下游,卖,1.75亿元。
第二类新闻,3D打印,空,奥比中光,中游,买,空
第二类新闻,家禽饲养加工,鸡肉,空,中游,卖,15.71亿元
第二类新闻,深加工肉制品,空,空,中游,卖,15.71亿元
第二类新闻,新能源车,空,空,主流自主品牌,空,67%
第二类新闻,新能源车,空,空,合资品牌,空,5.8%
第二类新闻,新能源车,空,空,新势力,空,10.4%
第二类新闻,房地产,空,金地集团,空,卖,201.1亿元。
第二类新闻,储能,空,振邦智能,中游,买,空
第二类新闻,生长激素,安科生物,空,下游,卖,约28%
第二类新闻,换电业务,空,蔚来汽车,中游,买,空
第二类新闻,空,空,波音(BA.N),中游,卖,订单金额38架。
第二类新闻,汽车,空,宝马集团,空,销售,空
第二类新闻,电子产品,400G超高速光模块,金百泽,中游,空,空
第二类新闻,农田建设,空,大禹节水,中游,卖,2.7亿元。
第二类新闻,航空器,空客,空,下游,卖,127架。
第二类新闻,人工智能,GPT,微软,空,购买,空
第二类新闻,对象存储,空,阿里云,中游,买,"36%（1TB/年）,50%（1PB/年），64%（10TB/年），70%（1PB/年）"
第二类新闻,PCB,金禄电子,下游,空,卖,空，订单金额大小空。
第二类新闻,建筑业,空,中铁装配式建筑科技有限公司,下游,卖,3亿元。
第二类新闻,危险材料,空,BNSF铁路公司,中游,买,空
第二类新闻,生猪,空,大北农,中游,卖,7.34亿元
第二类新闻,道路交通,空,北新路桥,中游,卖,1.72亿元。
第二类新闻,氧氯化锆,空,三祥新材,中游,买,空
第二类新闻,酒店,空,首旅酒店,中游,卖,订单金额空
第二类新闻,消防设备,数据中心机房,国安达,中游,买,空。
第二类新闻,生成式AI,空,阿里巴巴,中游,买,空
第二类新闻,项目审批,空,杭州市纪委监委,中游,购买,空
第二类新闻,空,空,中国平安,空,卖,2601.59亿元。
第二类新闻,大尺寸单晶硅,空,双良节能,中游,卖,4.7亿元-5.2亿元
第二类新闻,教育,知识分享,知乎,中游,卖,空
第二类新闻,空,空,中国能建,空,买,2977.13亿元
第二类新闻,人工智能,空,知乎,中游,买,空。
第二类新闻,空,空,中国中车,中游,销售,5.82亿元-6.48亿元。
第二类新闻,机械设备,DiDi NEURON,滴滴自动驾驶,中游,买,空
第二类新闻,自动驾驶,空,滴滴出行,中游,卖,空
第二类新闻,煤炭,精煤,上海能源,中游,卖,1700元-1900元/吨
第二类新闻,电子元器件,空,超声电子,中游,买,空
第二类新闻,光通信,空,东田微,上游,买,空
第二类新闻,塑胶材料,超透镜Metalens,苹果公司,中游,买,空。
第二类新闻,消费电子模组行业,空,同兴达,中游,买,空
第二类新闻,酒店,空,国脉文化,中游,卖,空
第二类新闻,医药,大麻,亚太药业,空,空,空
第二类新闻,智能制造,零部件,特斯拉,中游,空,空
第二类新闻,智能制造,连接器系统,安波福,下游,空,空
第二类新闻,存款基础,空,花旗集团,中游,买,空
第二类新闻,空,板材炼铁总厂5炉组及4B焦炉烟气脱硫脱硝EPC工程,同兴环保,下游,买,6280万元。
第二类新闻,化学品,空,万华化学,中游,买,40.53亿元
第二类新闻,功率半导体器件,空,捷捷微电,下游,买,2509.28万元–3512.99万元。
第二类新闻,游戏业务,空,完美世界,中游,买,空
第二类新闻,数据存储,空,西部数据,中游,买,至少8位数美元。
第二类新闻,智能电动,空,华为,中游,买,空
第二类新闻,空,空,腾讯,中游/下游,购买,空
第二类新闻,空,空,中国驻圣保罗总领馆,中游,买,空。
第二类新闻,空,AI技术,小i机器人,中游,买,空
第二类新闻,普鲁士蓝钠离子电池正极材料,空,美联新材,生产商,中游,空。
第二类新闻,碳排放配额,空,中碳登,中游,卖,106.87亿元
第二类新闻,空,空,百思买(BBY.N),中游,裁员,空
第二类新闻,存款,空,花旗集团,中游,买,空
第二类新闻,智能电动车,Hyper GT,埃安,中游,卖,21.99万元-33.99万元
第二类新闻,电力,空,龙源电力,下游,买,空
第二类新闻,食用菌,空,众兴菌业,中游,买,空
第二类新闻,新零售电商直播,空,谦寻（杭州）控股有限责任公司,中游,买,2206万。
第二类新闻,食用菌,空,众兴菌业,下游,买,空
第二类新闻,减肥产品,胃占容等减肥系列产品,长春高新,空,中游,空
第二类新闻,医美产品,玻尿酸、胶原蛋白、塑形、增肌减脂等产品,长春高新,空,中游,空
第二类新闻,金扶宁产品,空,长春高新,空,中游,空
第二类新闻,工业房地产,空,上海蓝滨,中游,卖,空
第二类新闻,智驾行业,空,华为,上游,买,空
第二类新闻,手机,华为畅享60X,华为,空,卖,千元。
第二类新闻,微处理器,空,北京君正,中游,买,空。
第二类新闻,矿业,空,紫金矿业,中游,卖,空。
第二类新闻,矿业,空,紫金矿业,中游,卖,空。
第二类新闻,智能医学领域,空,高等教育出版社,中游,买,空
第二类新闻,锡,空,LME,上游,买,27095.00。
第二类新闻,汽车平台,空,联发科,关键元件,空,空
第二类新闻,碳酸锂,赛力斯,中游,空,买,空
第二类新闻,收单业务,空,拉卡拉,中游,买,空
第二类新闻,电池,宁德时代,空,上游,买,空
第二类新闻,音视频直播设备,直播机,北京字跳网络技术有限公司,下游,购买,空
第二类新闻,空,空,NOON,中游,销售,降低成本。
第二类新闻,单晶电池片,空,苏州赛福天新能源技术有限公司,中游,买,1200万片
第二类新闻,太阳能电池组件,空,东方日升,基建过程中,买,空
第二类新闻,幕墙及材料产业,空,方大集团,下游,买,14.52亿元
第二类新闻,口腔种植,空,河北省,中游,购买,5000至7000左右。
第二类新闻,新能源汽车,空,阿里巴巴集团,中游,买,空
第二类新闻,空,空,华建集团,中游,买,247.5亿元。
第二类新闻,空,空,华建集团,中游,买,24.75亿元。
第二类新闻,超算中心,空,神州数码,中游,卖,空
第二类新闻,食品,惠发食品,中游,销售,空,空。
第二类新闻,医疗服务,空,上海迪士尼度假区,中游,买,空
第二类新闻,人工智能,空,中科曙光,中游,买,空。
第二类新闻,空,银烧结工艺设备,快克智能,中游,买,空
第二类新闻,色谱光谱,空,海能技术,空,中游,空
第二类新闻,音频、视频直播设备,直播机,北京字跳网络技术有限公司,中游,空,空。
第二类新闻,智能车舱产品,绝影SenseAuto,商汤,中游,买,空
第二类新闻,智能座舱解决方案,Unity,Unity,空,中游,空
第二类新闻,半导体,空,华润微,中游,买,空。
第二类新闻,防务装备,空,晋西车轴,中游,买,空
第二类新闻,空,车型,谷歌,中游,买,空
第二类新闻,信息技术应用创新,空,北信源,中游,买,空
第二类新闻,砂石,空,自然资源部,中游,买,空。
第二类新闻,药品,一品红,空,空,买,10.8亿元。
第二类新闻,快递服务,空,圆通速递,中游,卖,436.5亿元。
第二类新闻,快递物流,空,顺丰控股,生产/制造环节,卖,206.16亿元。
第二类新闻,商用车电动化解决方案,空,北汽福田与采埃孚,中游,下游,空
第二类新闻,手机,TDDI产品,格科微,下游,卖,订单金额：空
第二类新闻,智能化设备,空,电光科技,中游,买,空
第二类新闻,新能源,空,北汽集团,中游,买,500亿元。
第二类新闻,有色金属,空,洛阳钼业,中游,买,空
第二类新闻,有色金属,空,四川黄金,空,买,空
第二类新闻,有色金属,空,中金岭南,空,买,空
第二类新闻,有色金属,空,贵研铂业,空,买,空
第二类新闻,有色金属,空,盛屯矿业,下游,买,空
第二类新闻,FPGA产品,复旦微电,中游,空,空,空。
第二类新闻,人工智能相关产品,空,特发信息,中游,买,空
第二类新闻,原材料,锂,博力威,中游,买,空
第二类新闻,石英坩埚,空,欧晶科技,中游,买,6.2亿元
第二类新闻,粉氢,空,现代工程,中游,买,空。
第二类新闻,光伏电池,空,明牌珠宝,中游,买,空
第二类新闻,广告销售,CHATBLUE/CHATBLUE AI,蓝色光标,空,注册,空。
第二类新闻,人工智能,光年AI,光年之外科技有限公司,中游,空,空。
第二类新闻,半导体设备,激光芯片,智立方,空,上游,空。
第二类新闻,空,施工建设项目,粤水电,中游,买,空。
第二类新闻,药物研发,"Alphafold,CAAD",睿智医药,空,空,空
第二类新闻,磷酸铁,中核钛白,空,下游,销售,空。
第二类新闻,AI芯片,空,公司,中游,买,空
第二类新闻,合金软磁粉末,空,屹通新材,中游,卖,空
第二类新闻,泵,泰福泵业,空,中游,卖,空
第二类新闻,锂矿,宁德时代,储备,空,空,"空,,"
第二类新闻,计算设备,ChatGPT,微软,中游,买,70万美元。因该新闻未指明产业链上的产品名称以及订单方向，故在此处输出为空。
第二类新闻,微带天线,高精度螺旋相位板天线,信维通信,空,空,空
第二类新闻,空,空,迪士尼公司,中游,卖,空
第二类新闻,稀硝酸,华尔泰,空,下游,买,217000000元
第二类新闻,汽车设备,分拆,三菱电机,空,中游,空
第二类新闻,慢性病药品,空,一品红,未说明,空,空
第二类新闻,钢铁,空,西北联合钢铁有限公司,下游,买,空。
第二类新闻,AI芯片,空,谷歌,中游,买,空
第二类新闻,空,空,华安鑫创,空,买,135亿元。
第二类新闻,空,空,北京,中游,买,7947.5亿元
第二类新闻,空,空,北京,中游,买,1895.4亿元
第二类新闻,生物,空,世界卫生组织,中游,买,空。
第二类新闻,空,空,瑞银,中游,买,空
第二类新闻,IOT,空,广和通,中游,买,空
第二类新闻,AI智能化服务,空,焦点科技,中游,卖,空。
第二类新闻,畜牧业,猪,双汇发展,空,下游,空
第二类新闻,基带芯片,空,联通数科,中游,买,空
第二类新闻,光模块,联特科技,中游,空,买,空
第二类新闻,光伏产品,天合光能,空,中游,卖,17.68亿元。
第二类新闻,信号传输,空,湖北广播电视台,中游,买,7486万元。
第二类新闻,注塑件,宏昌科技,上游,空,买,空
第二类新闻,储能,多氟多钠离子电池,多氟多,下游,买,空
第二类新闻,可穿戴设备,空,华为技术有限公司,中游,买,空
第二类新闻,文本、图片及短视频等内容素材,引力传媒,中游,空,买,空。
第二类新闻,电力,空,国网华东分部,中游,买,39725万千瓦。
第二类新闻,数字化服务,模型,阿里云,中游,买,空。
第二类新闻,速冻鱼肉制品,海欣食品,中游,空,买,空
第二类新闻,空,空,蚂蚁集团,中游,买,空。
第二类新闻,和胃整肠丸,泰恩康,空,中游,买,空
第二类新闻,钢材,空,山东、山西多地钢厂,中游,买,空
第二类新闻,电子元器件,空,TCL中环,中游,买,22.5亿元
第二类新闻,工业传动系统及精密传动部件,空,禾川科技,中游,发售,7.5亿元。
第二类新闻,微型光伏（储能）逆变器,空,禾川科技,中游,发售,7.5亿元。
第二类新闻,飞机,C919,中国商飞,空,买,30架。
第二类新闻,收单业务,空,新大陆,中游,买,空
第二类新闻,金融业,空,交通银行,中游,买,空
第二类新闻,医用耗材,空,康德莱,中游,买,5亿元。
第二类新闻,综合能源,空,新奥能源,中游,卖,70.62亿千瓦时。
第二类新闻,医疗健康,空,朗玛信息,中游,空,空
第二类新闻,服装鞋帽,吉米巴特勒,空,中游,空,空
第二类新闻,汽车,空,日产汽车,中游,卖,2200.0亿日元
第二类新闻,视频流媒体,空,迪士尼,中游,被解雇,空。
第二类新闻,酒旅行业,空,石基集团,中游,买,空
第二类新闻,空,空,北方华创,中游,卖,5.9亿元。
第二类新闻,煤炭,下水煤,深能运输与中远海散运,中游,买,400万吨。
第二类新闻,电脑配件,空,微软,中游,停产,空。
第二类新闻,空,空,中国中车,中游,卖,6.15亿元。
第二类新闻,硬件电子,nv7000-g 4T产品,朗科科技,空,销售,空。
第二类新闻,家电,智能数字电视终端,银河电子,中游,买,空
第二类新闻,汽车,空,梅赛德斯-奔驰集团,中游,买,空
第二类新闻,办公软件,空,百度,中游,买,空。
第二类新闻,地铁列车,空,中车广东轨道交通车辆有限公司,中游,卖,空
第二类新闻,公有云IaaS+PaaS,空,中国电信,中游,卖,1000亿元。
第二类新闻,出行,空,滴滴,中游,买,1259亿元
第二类新闻,出行,空,滴滴,中游,卖,空
第二类新闻,出行,空,滴滴,下游,买,空
第二类新闻,出行,空,滴滴,下游,卖,空
第二类新闻,国际化业务,空,滴滴,空,买,59亿元
第二类新闻,国际化业务,空,滴滴,空,卖,空
第二类新闻,其他业务,空,滴滴,空,买,90亿元
第二类新闻,其他业务,空,滴滴,空,卖,空
第二类新闻,光伏发电,空,湖北能源,中游,买,29.9亿元
第二类新闻,光伏发电,空,湖北能源,中游,买,29.73亿元
第二类新闻,光伏发电,空,湖北能源,中游,买,18亿元
第二类新闻,光伏发电,空,湖北能源,中游,买,11.97亿元
第二类新闻,空,生成式AI服务,甲骨文,中游,卖,空
第二类新闻,X射线源,空,日联科技,中游,买,10800万元。
第二类新闻,铁路车辆服务,空,西门子移动,下游,买,5.3亿欧元。
第二类新闻,空,空,力拓集团,中游,卖,空。
第二类新闻,电子元器件,空,气派科技,中游,买,空。
第二类新闻,流感疫苗,中国生物武汉生物制品研究所、长春生物制品研究所,空,中游、中游,买,空。
第二类新闻,空,填埋场风险防控施工项目,高能环境,中游,卖,2.68亿元。
第二类新闻,储能电池,空,鹏辉能源,中游,买,130亿元。
第二类新闻,飞机,空,波音,中游,买,订单金额:304-16=288架飞机。
第二类新闻,空,盛航股份股份,毅达汇晟基金,卖方,不详,1884.17万股
第二类新闻,空,盛航股份股份,现代服务业基金,卖方,不详,290万股
第二类新闻,空,盛航股份股份,人才三期基金,卖方,不详,250.3334万股
第二类新闻,铜,空,澳新银行,中游,买,空
第二类新闻,电子产品,戴尔产品和服务,戴尔,中游,买,空
第二类新闻,岩盐,山东海化,中游,买,空,15亿元
第二类新闻,空,空,摩根大通,中游,买,空
第二类新闻,土壤修复,空,中科鼎实,下游,买,6059.18万元。
第二类新闻,股票,渣打集团,空,中游,买,2243万元。
第二类新闻,弹幕游戏产品,电广传媒,中游,空,卖,空
第二类新闻,移动通信,空,中国移动,中游,买,空
第二类新闻,抽水蓄能,空,三峡集团,未指明,买,空
第二类新闻,人免疫球蛋白,派林生物,空,中游,买,空
第二类新闻,日化产品,空,赞宇科技,中游,买,10.6亿元。
第二类新闻,电影,万达电影,北京万达投资有限公司,上游,卖,订单金额：空
第二类新闻,公司管理,空,鸿博股份,中游,买,空
第二类新闻,空,空,上海莱士,中游,买,1600000000
第二类新闻,碳纤维及复材装备,空,精工科技,中游,买,1.899亿元。
第二类新闻,金融,空,印尼央行,中游,买,订单金额：空。
第二类新闻,化工,碳酸锂,广期所,空,买,246000元/吨。
第二类新闻,高效电池封装胶膜,福斯特,空,中游,买,7.02亿元
第二类新闻,锂电池,空,宁德时代,中游,买,空
第二类新闻,基本材料,空,中国,中游,买,空
第二类新闻,药品,蒙脱石散,康芝药业,中游,卖,空。
第二类新闻,空,空,广州博览会,空,空,342.32亿元。
第二类新闻,品牌广告,空,赛维时代,中游,买,空
第二类新闻,电动卡车,沃尔沃,空,生产商,买,订单金额未知。
第二类新闻,5G基站建设项目工程,空,海波重科,中游,买,1.17亿元。
第二类新闻,车载电子,大功率车载电源连接器,信音电子,空,研发,空
第二类新闻,加密产业,空,航天信息,中游,买,空。
第二类新闻,医疗,脑机接口技术,中科信息,中游,买,空。
第二类新闻,甜味剂,莱茵生物,下游,买,空,空。
第二类新闻,新能源汽车,汽车,Randy Marion,空,买,1000。
第二类新闻,客机,空客与波音,空,空,采购,空
第二类新闻,储能设备,牧光储一体化项目,新疆粤水电能源有限公司,下游,买,约17.3亿元。
第二类新闻,房地产投资,空,黑石,中游,买,"4400,000,000美元。"
第二类新闻,股票,空,丽尚国潮,中游,买,5000万元至1亿元。
第二类新闻,空,空,智度股份,控股股东,卖,空
第二类新闻,人工智能,AIGC模型,首都在线，燧原科技,空,空,空
第二类新闻,机车,Vectron MS 40型机车,西门子交通,中游,卖,3亿欧元。
第二类新闻,飞机,A330NEO系列,空客公司,空客公司产业链位置,买,63亿美元。
第二类新闻,钢铁,博盈特焊,空,下游,投资,1500000000。
第二类新闻,贸易,空,世界银行,上游,买,75300000。
第二类新闻,电信,空,中电兴发,上游,买,空
第二类新闻,空中客车,飞机,阿尔及利亚航空公司,空中客车在中游,买,订单金额空。
第二类新闻,柠条,空,蒙草生态,中游,买,空
第二类新闻,磷化工,空,湖北宜化,中游,买,5200000000
第二类新闻,谷物,空,俄罗斯,中游,卖,免费
第二类新闻,空,银行业,高盛,中游,买,空
第二类新闻,导弹,空,澳大利亚政府,中游,买,210亿美元。
第二类新闻,空,空,福克斯公司,中游,买,1200万美元。
第二类新闻,风电,空,粤水电,中游,买,21亿元。
第二类新闻,空,空,联合国难民事务署,空,买,空。
第二类新闻,空,空,远东股份,中游,卖,2234000000元。
第二类新闻,农村公路,空,龙建股份,中游,卖,5.08亿元。
第二类新闻,汽车舒适系统传感器,空,四方光电,中游,买,空
第二类新闻,合成生物学,空,因美纳,入孵企业,买,空
第二类新闻,合成生物学,空,红杉中国,入孵企业,买,空
第二类新闻,设施农业,空,因美纳,入孵企业,卖,空
第二类新闻,设施农业,空,红杉中国,入孵企业,卖,空
第二类新闻,电解液,储能液流电池,宿迁盛瑞新材料有限公司,中游,买,25357万元
第二类新闻,流体设备及智能组装设备,空,安达智能,中游,买,2.29亿元
第二类新闻,动迁安置房项目,空,同济科技,中游,卖,5.16亿元。
第二类新闻,新能源,空,桂冠电力,中游,买,空
第二类新闻,铁矿石,空,空,中游,买,1286000000
第二类新闻,空,空,四维图新,空,卖,20.8亿元
第二类新闻,大模型,空,360智脑,中游,买,空
第二类新闻,直播,空,东方甄选,中游,买,空
第二类新闻,焦炉煤气,空,神马股份,下游,买,7.33亿元。
第二类新闻,锂电池,空,华盛锂电,中游,买,空
第二类新闻,空,固定资产,中基健康,中游,买,747.46万元
第二类新闻,空,空,远东股份,下游,买,15.36亿元。
第二类新闻,航空航天产业,配套研发制造基地,宁波建工控股子公司（宁波市政工程建设集团股份有限公司）,中游,买,5.022亿元。
第二类新闻,服务,空,英国央行,中游,买,订单金额空。
第二类新闻,房地产,办公单元,新柏佳发展,中游,买,2.1889亿元
第二类新闻,汽车,空,江淮汽车,中游,买,"210,244,735.26元。"
第二类新闻,船舶制造,GENMA100吨海上过驳起重机,润邦股份,下游,卖,空
第二类新闻,空,空,威胜信息,中游,买,3.4亿元。
第二类新闻,配网物资,空,三星医疗,中游,买,9411.71万元。
第二类新闻,分散式风电,空,电投能源,中游,买,2.54亿元。
第二类新闻,空,空,威海广泰,中游,买,943.73万美元
第二类新闻,稀土,空,云南省政府与中国稀土集团,空,中游,空
第二类新闻,特种印制电路板,超声电子,中游,空,买,空
第二类新闻,商业房地产,空,银行,中游,买,空。
第二类新闻,科技产品,空,Apple Computer Company,中游,买,106985美元
第二类新闻,空,空,博实股份,中游,买,空。
第二类新闻,空,铁路项目,巴西政府,中游,买,空
第二类新闻,锂电,TOP100产业链,"赣锋锂业,宁德时代,比亚迪","中游,中游,中游",购买,空
第二类新闻,肉鸡,空,益客集团,中游,买,空
第二类新闻,厂房,空,易天股份,中游,买,3.12亿元。
第二类新闻,中医药,空,民生证券,中游,买,空
第二类新闻,空,公司股份转让,铁岭新城,中游,卖,7.29亿元。
第二类新闻,背板,明冠新材,空,下游,买,空。
第二类新闻,电子气体,空,中船特气,下游,买,4.89亿元。
第二类新闻,橡胶,浮置板,天铁股份,空,购买,24712500元。
第二类新闻,矿产,地下采矿,鲁班比铜矿有限公司,下游,买,1.17亿美元。
第二类新闻,光伏,空,ST中利,下游,买,空
第二类新闻,光伏,空,中联光电,下游,买,空
第二类新闻,光伏制氢,空,宝丰能源,中游,买,空。
第二类新闻,737机型,波音公司,中游,销售,206,||
第二类新闻,空,波音公司,中游,采购,空,|
第二类新闻,空,波音公司,空,取消订单,11,||
第二类新闻,空,波音公司,空,获得订单,69,||
第二类新闻,山地冰川,空,中科院空天信息创新研究院,空,空,空
第二类新闻,信息系统,某信息系统2.0版升级完善项目,四创电子,中游,买,1000万元。
第二类新闻,空,空,渣打集团,中游,买,约5377万元人民币。
第二类新闻,污泥处置,空,海天股份,中游,买,1.32亿元。
第二类新闻,空,资源勘探、开采、选矿、冶炼、加工、机电产品制造,建龙集团,中游,空,空
第二类新闻,设备,划焊一体机,通威股份有限公司孙公司通威太阳能（南通）有限公司,中游,买,3.4亿元。
第二类新闻,装修,空,贝壳团装,中游,买,空
第二类新闻,空,空,远东股份,中游,买,18.55亿元。
第二类新闻,城乡环卫一体化项目,空,侨银股份,中游,买,7078万元。
第二类新闻,算力,空,鸿博股份,下游,购买,1280P。
第二类新闻,高压海底电缆,中天科技,控股子公司,下游,买,120900万元。
第二类新闻,道路建设,董梁高速,山东路桥,买家,下游,99.8亿元。
第二类新闻,磷酸铁锂电池,空,南都电源,中游,卖,2.34亿元。
第二类新闻,通讯设备,5G基站天线滤波器一体化单元产品,瑞玛精密,中游,卖,1.145亿元。
第二类新闻,电子产品,空,瑞芯微,中游,买,空
第二类新闻,氢氧化锂,电池级氢氧化锂,宁德时代新能源科技股份有限公司,中游,买,41000吨。
第二类新闻,空,空,中国北大荒,未说明,卖,"550,000元。"
第二类新闻,电动重型卡车,空,空,生产商,买,空
第二类新闻,磷酸铁前驱体,空,龙蟠科技,下游,买,5亿元。
第二类新闻,电子元器件,空,中威电子,空,卖,1.54亿元。
第二类新闻,金融服务,空,渣打集团,空,买,3207万元人民币。
第二类新闻,空,空,渣打集团,空,买,2900万元人民币。
第二类新闻,空,空,晶科能源,下游,买,560亿元。
第二类新闻,特种高分子单体,常青科技,空,中游,买,1.8亿元。
第二类新闻,还原炉,东方电热,东方瑞吉,下游,买,2.67亿元
第二类新闻,租车,空,神州租车,中游,卖,空
第二类新闻,测绘仪器,TOPCON设备,金辰股份,中游,买,空
第二类新闻,空,建筑工程,宁波建工,中游,卖,4.85亿元。
第二类新闻,海水淡化,空,西子洁能,中游,买,空
第二类新闻,新能源产业,空,比亚迪汽车实业有限公司,下游,买,3.76亿元。
第二类新闻,空,空,云从科技,空,买,空
第二类新闻,养老金,空,欧洲议会,中游,买,3亿欧元。
第二类新闻,光伏逆变器,古瑞瓦特股份有限公司,中游,空,买,空
第二类新闻,空,空,社保基金会,中游,买,空
第二类新闻,内存芯片,DRAM、NAND,空,空,上游,空
第二类新闻,人形机器人,空,国海证券,中游,买,空
第二类新闻,投融建一体化建设,空,交建股份,中游,卖,6.91亿元。
第二类新闻,电子外后视镜,空,华阳集团,中游,买,空
第二类新闻,空,空,大智慧,实控人,买,6074.57万元
第二类新闻,空,维宏股份,郑之开及其一致行动人胡小琴,中游,卖,订单金额不详。
第二类新闻,铁路市场,空,中国通号,中游,卖,25.1亿元
第二类新闻,空,生成式AI产品及服务,亚马逊云AWS,中游,买,1亿美元。
第二类新闻,智能机器人,空,北京君正,中游,买,空
第二类新闻,算力服务,空,联想,中游,买,空。
第二类新闻,车险分期,空,普洛斯产融科技,中游,出货,2.36亿元
第二类新闻,集成电路,空,代工厂,中游,买,空。
第二类新闻,城市更新,空,集泰股份,中游,卖,空。
第二类新闻,民宿,空,途家民宿,中游,买,空
第二类新闻,空客,飞机,靛蓝航空,空客在上游,采购,500架。
第二类新闻,土建,海市轨道交通市域线崇明线,腾达建设,中游,买,3.98亿元。
第二类新闻,纸浆,主力合约,空,中游,买,3.97亿元。
第二类新闻,新能源汽车、动力电池、储能和光伏逆变器、通信服务器,空,祥鑫科技,中游,买,131-134亿元。
第二类新闻,自动驾驶汽车,Cruise,上游,卖,1.5万次出行服务的订单,空
第二类新闻,片仔癀锭剂,片仔癀,空,产业链位置:中游,订单方向:空,订单金额:上调170元/粒
第二类新闻,LED直显,空,雷曼光电,空,中游,空
第二类新闻,肺癌精准诊疗,空,默克、百济神州、基石药业,空,空,空
第二类新闻,食品,糖,空,空,买,60万吨。
第二类新闻,椰子加工,空,欢乐家集团,中游,买,1835.61万美元。
第二类新闻,公共基础设施,空,"北新路桥,中铁二院工程集团有限责任公司","下游,上游",买,空
第二类新闻,空,空,合力泰,中游,买,1.18亿元
第二类新闻,功能性多糖,母乳低聚糖,广济药业,中游,买,空
第二类新闻,空,空,山东省工业和信息化厅,中游,买,空
第二类新闻,超导体,钪,空,下游,买,空
第二类新闻,空,组合推进剂,中山科学研究院,中游,卖,空
第二类新闻,粮食漏斗车,空,内蒙一机,下游,买,2.37亿元。
第二类新闻,空,空,中国平安,中游,卖,3866.73亿元。
第二类新闻,复合铜箔,英联股份,中游,空,买,空
第二类新闻,空,空,金诚信,下游,买,1.73亿元。
第二类新闻,制造业,新订单,空,中游,买,订单金额为-1.3%。
第二类新闻,生命科学,空,英国政府,中游,买,1.5亿英镑。
第二类新闻,文旅行业,空,新东方,未说明,买,1000000000元
第二类新闻,空,空,花旗集团,空,卖,780亿美元至790亿美元。
第二类新闻,建设工程,空,浦东建设,中游,卖,18.25亿元
第二类新闻,特色优势产业项目,空,国资委,中游,买,2亿元以下。
第二类新闻,软件,Apptio,IBM,中游,买,50亿美元。
第二类新闻,空,空,东尼电子,下游,卖,空
第二类新闻,房地产,中期票据,杭州滨江房产集团股份有限公司,空,买,6亿元。
第二类新闻,氢燃料电池汽车,海马汽车公司,中游,空,空,空
第二类新闻,空,特斯拉,先导智能,客户,买,空。
第二类新闻,新能源产业,空,天宸股份,中游,买,116亿元人民币。
第二类新闻,光伏发电,空,中国海油天津分公司,中游,买,空。
第二类新闻,石油,空,英国石油公司,上游,卖,37.5万桶/日
第二类新闻,空,空,中国儒意,中游,买,空
第二类新闻,制造业,空,德国,中游,买,空
第二类新闻,制造业,空,德国,中游,卖,空
第二类新闻,硅光模块,立讯精密,空,中游,买,空
第二类新闻,空,光掩膜版制造,冠石科技,中游,买,2000000000
第二类新闻,房地产,空,房企,中游,买,2400000000。
第二类新闻,空,空,iRobot,空,买,51.75美元。
第二类新闻,视频处理技术,空,当虹科技,中游,买,空
第二类新闻,AI智能训练,空,安联锐视,中游,买,空
第二类新闻,新能源,空,沃尔核材,中游,买,3.70亿元。
第二类新闻,空,空,城建发展,中游,买,2.32亿元。
第二类新闻,空,沧州明珠,东塑集团,中游,卖,3.4374亿元
第二类新闻,纳米硅粉,博迁新材,空,下游,买,空
第二类新闻,资本,空,北京市发改委,中游,买,1308亿元。
第二类新闻,空,空,渣打集团,中游,买,1.01亿元人民币。
第二类新闻,空,空,渣打集团,中游,买,2615万元人民币。
第二类新闻,土壤修复,空,高能环境,中游,卖,4.86亿元。
第二类新闻,房地产,二手房,空,空,卖,空
第二类新闻,空,空,贵广网络,中游,卖,9.99元/股
第二类新闻,焦煤,期货,空,空,买,3.21亿元。
第二类新闻,建筑工程,新郑市南水北调中线观音寺调蓄工程安置区首套安置房一期建设项目一标段,浙江建投,中标公司位置：中游,订单方向：买,订单金额：18.87亿元。
第二类新闻,充电宝,空,来电共享充电宝,中游,买,空
第二类新闻,空,工业订单,空,空,购买,-9。
第二类新闻,硅铁合金,空,云海金属,中游,购买,"173,867.44万元。"
第二类新闻,化学,空,中国化学,中游,买,1958.07亿元。
第二类新闻,化学制品,穿心莲内酯改构化合物的盐型、晶型,珍宝岛,空,空,空
第二类新闻,汽车,兰博基尼,空,下游,卖,空
第二类新闻,建筑工程,空,华建集团,中游,卖,7.07亿元。
第二类新闻,空,空,首创证券,监事,辞职,空
第二类新闻,食用盐,空,浙盐集团,中游,买,空
第二类新闻,商业遥感服务,和德三号A~E星,空,中游,买,空
第二类新闻,磷酸锰铁锂,空,合纵科技,下游,空,空。
第二类新闻,空,千亿级大模型,360,自主研发+合作研发,空,空。
第二类新闻,空,空,渣打集团,中游,买,110.87万元人民币
第二类新闻,空,中融信托产品,双成药业,中游,买,3000万
第二类新闻,石油资源,空,澳大利亚政府,中游,买,空
第二类新闻,空,空,中国铁建,中游,买,约536.53亿元。
第二类新闻,空,空,大连万达集团,中游,买,空
第二类新闻,农业,空,*ST正邦,中游,买,57亿股
第二类新闻,电池,空,亿纬锂能,中游,卖,13.389GWh。
第二类新闻,储能电池,空,南都电源,空,卖,2.1亿元。
第二类新闻,空,生产基地,科陆电子,下游,购买,不超过9.5亿元。
第二类新闻,空,土地使用权,科力尔,中游,买,空
第二类新闻,电子元器件,电单车电池系统,中贝通信,空,买,5.11亿元
第二类新闻,车险,空,中国平安,下游,买,3.9亿元
第二类新闻,财产险,空,中国平安,下游,买,1.78亿元
第二类新闻,口腔器具,儿童U型牙刷,LocknLock,"下游,,,消费者",卖,空
第二类新闻,半导体,空,长城证券,中游,买,空
第二类新闻,基建产业链,空,中国公司,中游,销售,5000万美元。
第二类新闻,光芯片,空,光库科技,上游,买,空
第二类新闻,啤酒,空,中泰证券,空,买,空
第二类新闻,新能源,空,中信重工,中游,买,1050万元。
第二类新闻,股票,空,ST世茂,上游,买,2.0亿元
第二类新闻,股票,空,亚钾国际,空,买,1.73亿元
第二类新闻,工程项目,农兴,*ST围海,下游,买,2.366亿元
第二类新闻,餐饮业,空,美团,中游,买,空
第二类新闻,美化天线产品,中国移动,平治信息,中游,卖,4436.22万元。
第二类新闻,自然语言处理,语言模型,OpenAI,空,空,空
第二类新闻,自然语言处理,ChatGLM-6B和ChatGLM2-6B权重,智谱AI&清华KEG,空,空,免费商用。
第二类新闻,管道管材及管件,空,华电重工,中游,买,2.44亿元人民币。
第二类新闻,空,空,天智航,中游,买,449.4万股
第二类新闻,旅游业,中亚民俗文化体验地项目,正平股份,上游,买,3亿元。
第二类新闻,乳品,空,恒天然,中游,买,"2,875美元/吨。"
第二类新闻,储能电芯,空,德赛电池,中游,买,空
第二类新闻,房地产,空,国新健康保障服务有限公司,中游,租赁,1.3亿元。
第二类新闻,设备,空,朗进科技,下游,买,1601.7万欧元。
第二类新闻,电子元器件,空,超声电子,中游,买,空
第二类新闻,空,空,科拓生物,控股股东,卖,2.19亿元。
第二类新闻,冠状病毒,空,中国医学科学院医学生物学研究所,空,空,空
第二类新闻,可可,空,ICE伦敦,中游,买,空
第二类新闻,空,空,光启技术,中游,买,24000万元。
第二类新闻,蛋氨酸,安迪苏,中游,买,4900000000,泉州市惠安县泉惠石化工业园区。
第二类新闻,机器人,福能东方,空,空,买,空。
第二类新闻,配网设备,空,南方电网公司,中游,买,1.78亿元。
第二类新闻,人工智能,空,软银,中游,卖,空
第二类新闻,车辆,空,FISKER,中游,买,空
第二类新闻,晶圆,空,三星电子,中游,减产,10%以上。
第二类新闻,动力总成,麒麟电池技术,宁德时代,中游,卖,空
第二类新闻,空,空,中化岩土,中游,卖,"19,716.57万元"
第二类新闻,光缆,空,中国电信集团有限公司和中国电信股份有限公司及其下属子公司、分公司,下游,买,5000万芯公里。
第二类新闻,飞机,空客,空客,下游,出货,空
第二类新闻,磁浮,空,中国铁建,中游,卖,空
第二类新闻,车轮,马钢交材,中游,卖,空,订单金额：空
第二类新闻,空,空,中鼎股份,中游,买,空
第二类新闻,抗体偶联药物,ENHERTU,艾德生物,空,中游,空
第二类新闻,检测试剂盒,ENHERTU,艾德生物,空,中游,空
第二类新闻,药物,ENHERTU,阿斯利康,空,下游,空
第二类新闻,稀贵金属,空,凯立新材,中游,买,空
第二类新闻,空,旅游订单,美团,中游,买,兜底保障
第二类新闻,空,航班,空,买,空,订单金额大小
第二类新闻,软件及云技术解决方案,空,SoftwareONE,下游,买,18.5瑞士法郎
第二类新闻,涉宅,空,东莞市,中游,卖,26.7亿元
第二类新闻,制造业,空,德国,下游,买,空
第二类新闻,制造业,空,德国,下游,卖,空
第二类新闻,股票,空,华宏科技,空,买,"5000.0万元,,,"
第二类新闻,股票,空,中储股份,空,买,"1821.36万元,,,"
第二类新闻,股票,空,罗普特,空,买,"2974.09万元,,,"
第二类新闻,股票,空,牧原股份,空,买,"20.0亿元,,,"
第二类新闻,股票,空,荣泰健康,空,买,"1707.0万元,,,"
第二类新闻,股票,空,中钨高新,空,买,201.01万元。
第二类新闻,光伏产业,空,隆基绿能,上游,买,空
第二类新闻,空,新建脱硫（EPC）工程项目,其亚铝电有限公司,中游,买,1.36亿元。
第二类新闻,火电项目,准东2×660MW,新疆天池能源有限责任公司,上游,买,"555,052.61万元"
第二类新闻,超细碳化钨粉,空,株硬公司,下游,购买,2.48亿元。
第二类新闻,公路货运行业,空,满帮集团,中游,卖,空
第二类新闻,人民币各项贷款,空,交通银行,中游,买,空
第二类新闻,对公信贷,空,交通银行,中游,买,空
第二类新闻,"非房消费贷,信用卡贷款",空,交通银行,中游,买,空
第二类新闻,个人住房贷款,空,交通银行,中游,买,空
第二类新闻,空,生活必需品,亚马逊中国,中游,买,空。
第二类新闻,城乡供水,空,首创环保,中游,买,"31,345万元。"
第二类新闻,特高压项目,空,永福股份,中游,销售,2893万元。
第二类新闻,半导体设备,8寸OHT自动搬运系统,苏州新施诺,买家,中游,3405.82万元(含税)。
第二类新闻,氢能通勤车,空,深圳市京兰新能源汽车服务有限公司,中游,买,空
第二类新闻,口岸智慧改造升级项目,设备采购项目,盛视科技,中游,买,1.06亿元。
第二类新闻,空,空,航锦科技,中游,买,60亿元。
第二类新闻,空,高端装备制造项目,美埃科技,中游,空,空。
第二类新闻,手机,iPhone,鸿海精密工业股份有限公司,上游,买,下滑。
第二类新闻,证券,空,东方证券,中游,卖,112亿元。
第二类新闻,空,空,菲律宾经济规划机构,中游,买,空
第二类新闻,技术服务,扫描,鸥玛软件,中游,买,1993.35万元
第二类新闻,股票,空,"用友网络,珠海冠宇,新开源",空,买,"9.0亿元,,,1.0亿元,,,571.39万元"
第二类新闻,电子外后视镜,华阳集团,中游,空,空,空
第二类新闻,空,空,三美股份全资子公司,下游,买,1072000000元人民币。
第二类新闻,空,空,中南文化,下游,卖,7.2MW。
第二类新闻,矿产,阿居洛呷磷矿勘查区块探矿权,云图控股,中游,买,7.60亿元
第二类新闻,矿产,磷矿,云图控股,空,买,760000000元。
第二类新闻,人工智能,推荐系统,Meta,中游,买,空
第二类新闻,建筑工程,空,重庆建工,中游,卖,10.93亿元。
第二类新闻,岩盐,叶县岩盐,空,下游,买,空
第二类新闻,食品,良品铺子,空,中游,卖,空
第二类新闻,数据中心建设,空,Alphabet(GOOGL.O),下游,买,资本支出低于预期。
第二类新闻,装饰装修,龙湖金融中心外环4号楼展厅,沃克曼,中游,买,3450.4万元。
第二类新闻,光伏,空,中广通科技《酒泉)有限公司,空,买,空。该新闻不涵盖两家或者更多公司间的明确的产业链信息。
第二类新闻,锂,津巴布韦,空,空,买,空
第二类新闻,养殖业,空,新希望,中游,买,空。
第二类新闻,康养文旅产业,空,乾景园林,下游,买,1.45亿元
第二类新闻,代码编写,空,GitLab,中游,买,9美元。
第二类新闻,道路环卫保洁,空,中国天楹,中游,卖,9496.98万元。
第二类新闻,风电,空,华银电力,中游,买,"5.8亿元,,,3.8亿元,,,6.8亿元,,,3.5亿元,,,4.4亿元。"
第二类新闻,设备,空,沈阳机床,中游,买,3216万元。
第二类新闻,财政政策,量化紧缩计划,英国央行,中游,卖,800亿英镑。
第二类新闻,生物医药、高端医疗器械、大健康产业,空,上海复星医药（集团）股份有限公司,空,购买,空
第二类新闻,农业,空,俄罗斯,中游,买,空
第二类新闻,半导体,NSD1224系列,纳芯微,中游,购买,空
第二类新闻,银行,空,轻纺城,空,收购,9614.15万元。
第二类新闻,空,飞机,波音,下游,买,20亿美元。
第二类新闻,空,空,辽宁成大控股子公司新疆宝明矿业,中游,买,空
第二类新闻,空,空,东威科技,中游,买,空
第二类新闻,空,空,推特,中游,买,空
第二类新闻,涤纶工业丝,空,尤夫股份,下游,买,"152,000,000。"
第二类新闻,圆柱形动力电池,亿纬锂能,空,生产,买,1285.88万欧元。
第二类新闻,空,空,贝壳-W,中游,买,1539万元人民币。
第二类新闻,煤气发电,空,华菱钢铁,下游,购买,4.5亿元。
第二类新闻,石英坩埚,空,华民股份,下游,采购,未知金额大小。
第二类新闻,空,空,昆仑万维,中游,卖,5.18亿元人民币。
第二类新闻,空,先声药业,中游,空,买,空
第二类新闻,旅游,空,厦门13家景区,中游,买,空
第二类新闻,空,空,渣打集团,中游,买,2505万元人民币
第二类新闻,空,金顶索道,峨眉山A,空,买,3.5亿元。
第二类新闻,数字阅读服务,空,荣信文化，科大讯飞,中游，中游,购买,空
第二类新闻,新能源整车制造,空,多利科技,中游,卖,空。
第二类新闻,空,空,渣打集团,中游,买,1.3612亿元人民币。
第二类新闻,石油产业,空,中曼石油,下游,买,2796000000
第二类新闻,工程项目,空,保利联合,中游,卖,11.01亿元。
第二类新闻,化工,三氯氢硅,三孚股份,中游,买,7526.52万元人民币
第二类新闻,人力资源,软件,甲骨文,中游,买,空
第二类新闻,石油,空,美银,空,卖,空
第二类新闻,空,空,澳大利亚财长查默斯,空,空,投资回暖，反映了供应链压力的缓解。
第二类新闻,空,空,青木股份,建设用地,买,4747万元。
第二类新闻,中国股票,空,高盛,中游,买,空
第二类新闻,工程项目,空,保利联合,中游,卖,110117.62万元。
第二类新闻,空,空,中国中车,空,买,242.5亿元。
第二类新闻,智能电能表,空,林洋能源,中游,卖,3.68亿元
第二类新闻,化工,空,天原股份,下游,买,2.5亿元。
第二类新闻,新能源汽车智能装备制造,锂电池模组pack及涂覆,豪森股份,中游,买,9.91亿。
第二类新闻,黄金新材料,空,贵研铂业,中游,买,6931万元。
第二类新闻,广告媒体,空,北京沃捷,中游,买,3.98亿元。
第二类新闻,空,空,格力,中游,买,空
第二类新闻,蓝色氨水,空,沙特阿美,中游,卖,空
第二类新闻,建筑业,空,中国建筑,中游,卖,409亿元。
第二类新闻,空,落地签证,马来西亚政府,下游,买,空
第二类新闻,空,MM2H签证计划,马来西亚政府,中游,买,空
第二类新闻,住房金融担保,空,马来西亚政府,下游,买,50亿林吉特
第二类新闻,白酒,老白干酒,空,上游,买,空
第二类新闻,空,华锋股份,林程,下游,卖,3690.42万元。
第二类新闻,建筑材料,空,北新路桥,中游,卖,"¥184,797,919.25"
第二类新闻,集成电路、生物医药、人工智能、氢能动力,空,"上海市创新生物制品质量检验检测中心、上海市高密度系统级芯片质量检验检测中心,,,空,,,空",空,空,空
第二类新闻,风电增速器,空,威力传动,中游,买,5000000000元
第二类新闻,除草剂,江山股份,空,下游,买,7.95亿元
第二类新闻,股票,空,渣打集团,中游,买,3226万元人民币。
第二类新闻,环境综合提升改造工程,空,蒙草生态,中游,卖,2.25亿元。
第二类新闻,锂资源,空,盛讯达,中游,买,空
第二类新闻,空,空,中国贸促会,中游,买,空
第二类新闻,AI GPU,空,英伟达，台积电,空,买,订单金额空。
第二类新闻,空,救援灯具,海洋王,下游,买,空。
第二类新闻,轨道交通,空,中国通号,中游,买,12.39亿元。
第二类新闻,保险类产品,空,某银行,买家,降价,30万元以下的三年期存款利率。
第二类新闻,新能源,新能源基地项目,长久物流,中游,买,5亿元人民币
第二类新闻,保险类产品,空,某银行,中游,买,空
第二类新闻,储能,磷酸铁锂换电电池,南都电源,中游,卖,约16.10亿元。
第二类新闻,空,安全能力,泰雷兹与谷歌云,空,空,空。
第二类新闻,中药,宫血宁胶囊，千金藤素片,云南白药,中游,空,空
第二类新闻,制造业,空,达拉斯联储,中游,买,-16.1。
第二类新闻,矿产,铁矿石,空,空,买,8.88亿元。
第二类新闻,空,空,万通发展,控股股东,卖,4.81元/股。
第二类新闻,房地产,空,江河集团,中游,卖,空
第二类新闻,电子科技类,空,Newegg,下游,买,空。
第二类新闻,信息科技,空,郑州煤电,中游,买,5100万元。
第二类新闻,教育教科书,空,新华文轩,中游,买,11.5亿元。
第二类新闻,垃圾处理,新美洲垃圾填埋场生态治理工程,通源环境,中游,买,1.09亿元
第二类新闻,制造业,空,B2B,中游,卖,空
第二类新闻,空,大口径风冷声光调制器、高速声光偏转器等产品,福晶科技,中游,卖,空
第二类新闻,存储,空,普冉股份,中游,卖,空
第二类新闻,新能源,空,金盘科技,中游,买,空
第二类新闻,工业制造,空,徐工机械,不确定,中游,空
第二类新闻,植入式脑机接口系统,空,衷华脑机融合科技发展有限公司,中游,买,空
第二类新闻,外卖,KeeTa,美团,中游,买,空
第二类新闻,直播,神抢手,美团,中游,买,空
第二类新闻,信息流,神抢手,美团,中游,买,空
第二类新闻,硅切片线,空,三超新材,中游,卖,空
第二类新闻,电子电气类,空,普莱得,空,空,空
第二类新闻,塑料粒子类,空,普莱得,空,空,空
第二类新闻,非公路自卸车,沃尔沃建筑设备(中国)有限公司,空,下游,进口,空
第二类新闻,空,空,日中经济协会,中游,买,空。
第二类新闻,空,空,北交所公司,中游,买,空
第二类新闻,割草机器人,格力博,空,下游,空,空
第二类新闻,"精密连接器, 五金屏蔽罩",汇创达子公司-信为兴,"传音控股, 华为, 小米科技, 荣耀, 联想集团, 中兴通讯等厂商",中游,买,空
第二类新闻,建筑施工,空,棕榈股份,中游,销售,3亿元。
第二类新闻,电子元器件,一步式全湿法复合铜箔电镀设备,广州三孚新材料科技股份有限公司,中游,买,2.43亿元。
第二类新闻,动力电池,空,"宁德时代,中创新航","中游,中游",买,空
第二类新闻,空,空,鼎泰高科,中游,买,空
第二类新闻,电池,柔性电池,小米移动软件有限公司,中游,买,空
第二类新闻,消费电子,空,统联精密,中游,卖,空
第二类新闻,卫星地面终端波束自适应通信天线技术,通宇通讯,中游,购买,空,空
第二类新闻,音乐,空,环球音乐,中游,卖,订单金额提高10%。
第二类新闻,生猪,牧原股份,空,中游,买,空
第二类新闻,算力卡,H100,值得买,空,买,空
第二类新闻,电力,空,能源供应商,空,买,空
第二类新闻,电池,空,天合光能,中游,买,3.58亿元
第二类新闻,空,空,省广集团,中游,买,空。
第二类新闻,光模块,光迅科技,空,中游,空,空。
第二类新闻,环卫一体化,空,侨银股份,中游,买,2.93亿元。
第二类新闻,深海专用件,空,迪威尔,上游,空,空
第二类新闻,TCO玻璃,滕州金晶玻璃有限公司,生产厂家,上游,买,空
第二类新闻,轮胎,DVA材料,道恩股份,中游,买,空
第二类新闻,芯片,国产芯片,首都在线,中游,买,空
第二类新闻,电解液,空,天赐材料,中游,卖,空
第二类新闻,空,空,东方甄选,空,买,空。
第二类新闻,智能语音机器人,GameBud Talking Tom,公司,空,空,空
第二类新闻,滚珠丝杠,空,长盛轴承,空,空,空
第二类新闻,空,空,易天股份,中游,买,空
第二类新闻,航空发动机复杂薄壁高温合金结构件,图南股份,空,下游,卖,空
第二类新闻,GPU服务器,空,真视通,空,买,约2.91亿元。
第二类新闻,磷酸铁,中核钛白,空,下游厂家,买,空
第二类新闻,TSN芯片,空,参股公司,中游,买,小批量订单
第二类新闻,空,陆航某系统机载部分,北京安达维尔航空设备有限公司,中游,卖,"255,322,124.19。"
第二类新闻,硅片,空,隆基绿能,上游,卖,空
第二类新闻,汽车,超容技术,江海股份,中游,空,空。
第二类新闻,农产品,空,俄罗斯,中游,买,空
第二类新闻,PCB产品,空,中京电子,中游,买,空。
第二类新闻,IGBT模块,空,福赛科技,中游,买,空
第二类新闻,5G配套业务,空,福赛科技,中游,卖,空
第二类新闻,5G基站组件,空,福赛宏仁,下游,卖,空
第二类新闻,橡胶,空,海南橡胶,下游,卖,1267.88万元
第二类新闻,电子产品,空,雷柏科技,中游,买,空
第二类新闻,液氦,空,粤佳气体,下游,买,空
第二类新闻,扫码终端、云音箱,创识科技,空,下游,卖,空。
第二类新闻,空,定型产品,雷电微力,中游,卖,空。
第二类新闻,航空器,波音737 MAX飞机,三井住友银行航空资本公司,空,买,25架。
第二类新闻,半导体制造,空,海程邦达,中游,购买,空
第二类新闻,糖业,空,南宁糖业,中游,买,空
第二类新闻,卫星导航芯片,空,中海达,中游,买,空
第二类新闻,电子元器件,FPC软板产品,崇达技术,中游,买,空。
第二类新闻,物联网,空,鸿泉物联,中游,买,空
第二类新闻,建设工程,空,亚翔集成,中游,卖,1.2亿元。
第二类新闻,输变电项目,组合电器和开关柜,特锐德及川开电气有限公司,中游,买,7418.54万元。
第二类新闻,空,空,上海建工,中游,卖,59.74亿元。
第二类新闻,能源,空,协鑫集团,中游,购买,空
第二类新闻,空,空,羚锐制药,中游,买,空
第二类新闻,汽车电子,空,深天马A,中游,卖,空
第二类新闻,新能源,空,深天马A,中游,卖,空
第二类新闻,Micro-LED,空,深天马A,中游,空,空
第二类新闻,空,空,中国银行,中游,买,空
第二类新闻,CIS产品,空,韦尔股份,中游,买,空
第二类新闻,建筑石料,长皮带廊道,湖北楚新矿业有限公司,中游,买,4.23亿元人民币(含税)
第二类新闻,导电膜,电控调光玻璃膜,万顺新材,空,下游,空。
第二类新闻,金融,空,联影医疗,产业链位置：空,买,4.35亿元。
第二类新闻,半导体封装材料,华正新材,中游,空,买,空。
第二类新闻,高分子原材料,万马股份,空,中游,买,空
第二类新闻,电子产品,华为,电科数字,中游,买,空
第二类新闻,汽车,比亚迪DM-i混动乘用车,欣锐科技,下游,买,空
第二类新闻,汽车,空,马自达,中游,买,空
第二类新闻,AI,空,华大智造,中游,买,空
第二类新闻,珠宝,周大生,空,中游,买,空
第二类新闻,分立器件,光刻机,大族激光,空,中游,空
第二类新闻,可编程器件芯片,空,复旦微电,中游,空,空
第二类新闻,公路工程,空,北新路桥,中游,卖,1.21亿元。
第二类新闻,化学,空,中国化学,中游,买,2138.3亿元。
第二类新闻,精密机构件,华为智能手表,鸿日达,下游,卖,空。
第二类新闻,智能硬件,多点数智有限公司,中游,空,买,空
第二类新闻,汽车,个人信息,马自达,中游,买,空
第二类新闻,火车票,空,中国国家铁路集团有限公司,中游,买,2287.7万张。
第二类新闻,火车票,空,中国国家铁路集团有限公司,中游,买,2287.7万张。
第二类新闻,分立器件,光刻机,大族激光,空,中游,空
第二类新闻,盆底康复产品线,盆底电和盆底超声影像系统,麦澜德,空,空,空。
第二类新闻,零部件,光刻机零部件铸件,联合精密,空,空,空。
第二类新闻,碳化硅功率器件,空,长电科技,中游,买,空
第二类新闻,保险,空,阳光保险,中游,买,846.54亿元。
第二类新闻,农业,小麦,农发种业,中游,买,空
第二类新闻,卫星,空,SpaceX,中游,卖,空。
第二类新闻,车辆配件,问界M7车型,东箭科技,供应链上游,买,空
第二类新闻,电源系统产品,空,长城汽车&&&长安汽车&&&奇瑞汽车&&&Vinfast,上游,买&&&卖,空
第二类新闻,药品,替雷利珠单抗,百济神州瑞士,空,中游,空
第二类新闻,药品,替雷利珠单抗,诺华,空,上游,空
第二类新闻,智慧能源相关,220kV升压汇集站二次设备,金智科技,中游,卖,2299.69万元
第二类新闻,自助柜员机,空,威海新北洋荣鑫科技股份有限公司,下游,买,空。
第二类新闻,集装箱,中外运张家港轮,招商轮船,中游,买,空
第二类新闻,倍率型钠离子电池,空,普路通,中游,卖,订单金额：空
第二类新闻,邮轮,空,爱达邮轮有限公司,中游,买,空，订单金额大小未提及。
第二类新闻,焦炉煤气,空,东华科技,中游,卖,6.24亿元。
第二类新闻,碳纤维材料,空,光威复材,中游,买,9053万元。
第二类新闻,通风与空气处理系统,空,南风股份,中游,空,空
第二类新闻,火车票,空,中铁程科技有限责任公司,中游,购买,空。
第二类新闻,电子产品,空,光大同创,中游,买,空
第二类新闻,核电,空,中岩大地,中游,买,空。
第二类新闻,数通＆安全业务,空,东华软件,中游,卖,空
第二类新闻,汽车,空,加拿大福特汽车公司,中游,买,空
第二类新闻,空,空,威领股份,未知,买,空。
第二类新闻,气象卫星设备,空,国睿科技,下游,卖,"92,752,800.00元。"
第二类新闻,空,应急管理、城市安全、智慧消防和安全文教业务,华为,中游,买,空
第二类新闻,云计算,空,杰创智能,中游,买,空
第二类新闻,二氧化碳应用,空,通源石油,中游,卖,空
第二类新闻,碳捕集端,空,通源石油,空,空,空
第二类新闻,服务器,紫光股份,空,中游,买,空。注：该新闻不属于产业链信息范畴。
第二类新闻,土地,空,龙元建设,中游,买,3.39亿元。
第二类新闻,涉诈风险,空,东方通,中游,买,空
第二类新闻,车载显示,空,海信视像,中游,买,空。
第二类新闻,家庭能源路由器,空,力合微,中游,卖,空。
第二类新闻,光通信设备,光模块芯片基座产品,斯瑞新材,空,中游,空
第二类新闻,空,药品,特一药业,中游,卖,空
第二类新闻,丝网印刷设备,空,迈为股份,中游,空,空
第二类新闻,激光设备,空,迈为股份,中游,空,空
第二类新闻,铜电镀整线装备,空,迈为股份,中游,买,空
第二类新闻,板式PECVD、PVD,空,迈为股份,中游,买,空
第二类新闻,粮食,空,贵人鸟股份有限公司,中游,出货,空
第二类新闻,锂电池负极材料,翔丰华,中游,空,空,空
第二类新闻,广告业,空,北京沃捷,中游,买,空
第二类新闻,道路工程,空,宏润建设,中游,卖,3.84亿元。
第二类新闻,网络服务,迅游手游加速器,华为,中游,买,空
第二类新闻,科学计算,北太天元V3.0,北太振寰（重庆）科技有限公司,空,空,空
第二类新闻,碳酸锂,科力远,中游,买,空,部分市场订单
第二类新闻,空,空,摩根大通,中游,购买,空。
第二类新闻,电驱预装配线,空,均普智能,中游,卖,8000-10000万元。
第二类新闻,电力行业的落地应用,华为Atlas200 AI加速模块,智洋创新,中游,卖,空
第二类新闻,鲜花电商,空,花加,中游,买,空
第二类新闻,PCB板,东华测试,中游,空,买,空
第二类新闻,建设工程,空,"上海市浦东新区建设(集团)有限公司,,,上海浦东路桥(集团)有限公司,,,上海南汇建工建设(集团)有限公司","中游,,,中游,,,中游",买,11.12亿元。
第二类新闻,喷气机,E190-E2,巴西航空工业公司（Embraer）,空,买,空。
第二类新闻,合成石英玻璃材料,空,菲利华,下游,卖,空
第二类新闻,储能,空,德宏股份,中游,买,空
第二类新闻,照明产品,倒装、高压、高光效照明、MiniLED 背光、MiniRGB 新型显示产品、红外、植物照明、车载应用等细分领域市场,兆驰股份,空,空,空
第二类新闻,社保公积金,空,花加,中游,买,空
第二类新闻,定位芯片,北斗星通,下游,买,空,空。
第二类新闻,空,动压油膜滑动轴承产品,崇德科技,中游,空,空
第二类新闻,清洁高效能源装备,空,东方电气,中游,买,563.68亿元
第二类新闻,空,货运代理物流服务,安踏体育用品集团有限公司,中游,买,6000万元人民币。
第二类新闻,精对苯二甲酸（PTA）,华润化学材料科技股份有限公司,江阴汉邦,中游,采购,"预计产生PTA采购费用不超过186,480万元人民币"
第二类新闻,乳制品,空,阳光乳业,上游,买,空
第二类新闻,高速永磁电机,空,崇德科技,中游,卖,空。
第二类新闻,空中客车,空中客车产品,空中客车公司,中游,买,空
第二类新闻,人工智能,大语言模型,微软,空,中游,空
第二类新闻,建筑工程,空,中国交建,中游,卖,593.34亿元
第二类新闻,智能汽车,DeepRoute-Driver 3.0,元戎启行科技有限公司,中游,买,空
第二类新闻,新能源汽车,空,航天电子,空,中游,空
第二类新闻,电力,空,法国电力公司（EDF）,中游,卖,征收暴利税。
第二类新闻,空,下一代XR和AR平台,高通技术公司,上游,买,空
第二类新闻,智能眼镜,骁龙AR1平台,高通技术公司,上游,买,空
第二类新闻,海洋环境保护,空,生态环境部,中游,买,空
第二类新闻,PVC制品,空,鸿达兴业,下游,买,空
第二类新闻,空,ERP系统,海亮集团,中游,买,空。
第二类新闻,L-PAMiD,空,慧智微,中游,销售,空
第二类新闻,滑动轴承,空,崇德科技,中游,卖,空
第二类新闻,榨菜酱产品,涪陵榨菜,空,中游,买,空
第二类新闻,光伏,空,天合光能股份有限公司,中游,卖,110万千瓦。
第二类新闻,滤波器,赛微电子,中游,买,空,订单金额大小
第二类新闻,城市更新,空,君逸数码,中游,买,空。
第二类新闻,人工智能芯片,空,微软,中游,买,空
第二类新闻,电力设备,特高压项目第五次设备,许继电气,中游,买,6.19亿元。
第二类新闻,空气悬挂系统,空,中鼎股份,中游,买,16.4亿元。
第二类新闻,多肽药物,空,义翘神州,中游,买,空。
第二类新闻,光刻胶,海科新源,空,中游,买,空
第二类新闻,贵广高铁,空,中国国家铁路集团有限公司,中游,买,空
第二类新闻,蓝藻离岸防控工程,德林海,空,下游,买,1.3亿元（含税）
第二类新闻,钠电正极材料,美特新材,空,中游,卖,空。
第二类新闻,电缆,空,万马股份,中游,买,15.22亿元
第二类新闻,电缆,空,万马股份,中游,买,32.18亿元
第二类新闻,空,空,正元地信,中游,买,空
第二类新闻,光模块,金百泽,空,中游,空,空
第二类新闻,房地产,香水湾大酒店项目资产,*ST新联,中游,买,3亿元。
第二类新闻,空,空,中铝国际,中游,卖,76.58亿元。
第二类新闻,煤层气,空,蓝焰控股,中游,买,9593.76万元
第二类新闻,空,空,陕建股份,中游,买,2557.96亿元。
第二类新闻,空,空,中航光电,中游,买,空
第二类新闻,光伏组件,晶科能源,空,中游,卖,空
第二类新闻,智能装备,电驱动系统产品,巨一科技,空,中游,空
第二类新闻,不锈钢管件,空,龙泉股份,下游,买,6206.16万元。
第二类新闻,电子级聚酰亚胺薄膜,空,国风新材,中游,买,空
第二类新闻,新能源动力锂电池精密结构件,震裕科技,空,下游,空,空。
第二类新闻,高压连接器,瑞可达,空,中游,买,空
第二类新闻,汽车电子,空,徕木股份,中游,卖,空。
第二类新闻,碳酸锂,誉辰智能,下游客户,下游,买,空
第二类新闻,算力设备,中贝通信,空,中游,买,空
第二类新闻,信号系统,空,交控科技,中游,买,3.64亿元。
第二类新闻,氢能源,船舶,三峡集团长江电力股份有限公司,下游,卖,空
第二类新闻,新能源汽车,IGBT、MOSFET及二三极管产品,塞力斯、比亚迪,上游,买,空
第二类新闻,互联网通信,信源密信,北信源,中游,买,空。
第二类新闻,火工装置,空,新余国科,中游,买,空
第二类新闻,工程施工,空,易普力,中游,买,81.85亿元。
第二类新闻,工程承包,空,中国海诚,中游,买,15.56亿元。
第二类新闻,空,保险,中国平安,下游,销售,6356.35亿元。
第二类新闻,工程承包,空,中国海诚,中游,卖,62.95亿元
第二类新闻,工程承包,空,中国海诚,中游,买,6.25亿元
第二类新闻,土壤修复,空,高能环境,中游,买,2.41亿元。
第二类新闻,工程项目,空,天富能源,中游,买,1.7亿元。
第二类新闻,医疗,数字认证系统,北京数字认证股份有限公司,中游,买,空
第二类新闻,核电,空,南风股份,中游,买,空
第二类新闻,空,空,锐明技术,中游,销售,空
第二类新闻,GPU服务器,空,青云科技,中游,卖,6.90亿元。
第二类新闻,空,空,仕净科技,中游,卖,订单金额超50亿元。
第二类新闻,橡塑密封,减速器产品,优泰科,中游,买,空
第二类新闻,跨境电商,空,焦点科技,中游,买,空
第二类新闻,手机,华为Mate60权益版等5款手机,中国移动通信集团终端有限公司,上游,买,120万台。
第二类新闻,环保,空,侨银股份,中游,买,1327000000元。
第二类新闻,空,Ocedurenone,KBP生物科学公司,上游,中买,1300000000。
第二类新闻,空,空,中国中车,中游,卖,308.4亿元人民币。
第二类新闻,聚氨酯减振垫,九州一轨,空,中游,买,空
第二类新闻,通信技术解决方案,空,亚联发展,空,中游,空。
第二类新闻,网站服务,Huawei eKitChat商标,华为技术有限公司,空,空,空
第二类新闻,算力服务,空,锦鸡股份,中游,采购,空。
第二类新闻,地铁、隧道,空,金盾股份,下游,买,3个亿左右。
第二类新闻,教育数字化应用及服务,希沃教学大模型,视源股份,空,中游,空
第二类新闻,空,空,26家公司,空,买卖,空。
第二类新闻,钛白,空,东华科技,总承包商,卖,491000000.
第二类新闻,碳纤维,空,中复神鹰,中游,买,空
第二类新闻,铁路和城市轨道交通线路,空,交大思诺,中游,买,空。
第二类新闻,芯片,空,空,空,空,空
第二类新闻,半导体芯片掩膜版,清溢光电,中游,空,买,空
第二类新闻,网站云安全,安星云SaaS安全服务,宁波移动通信有限责任公司,下游,买,空
第二类新闻,汽车智驾,IMU,华依科技,中游,买,空
第二类新闻,空,空,珠江钢琴,空,买,"2,119.80万元。"
第二类新闻,高端精密微特电机及智能化组件,空,江苏雷利,中游,买,空
第二类新闻,电子产品,HUAWEI平板,富春环保,中游,购买,空。
第二类新闻,电子元器件,高频屏蔽膜产品,方邦股份,空,中游,空
第二类新闻,高性能算力服务器,空,润建股份,下游,买,空
第二类新闻,空,空,世盟供应链管理股份有限公司,中游,空,空
第二类新闻,空,A800,优刻得,中游,买,空
第二类新闻,空,图像生成App,Midjourney,中游,买,96美元。
第二类新闻,饮料,酱香拿铁,瑞幸咖啡（中国）有限公司,生产商,买,空。
第二类新闻,房地产,空,虹曦置业,中游,买,40.135亿元
第二类新闻,转换器、软件无线电及时钟,振芯科技,空,中游,空,空
第二类新闻,空,空,茶花股份,实际控制人,卖,空
第二类新闻,PCCP,空,国统股份,中游,买,"117,624,279元。"
第二类新闻,玉米,空,农发种业,中游,买,空。
第二类新闻,电池,神行超充电池,宁德时代,空,中游,空
第二类新闻,半导体耗材,空,三超新材,下游,买,空
第二类新闻,国际贸易,空,中国中创碳投科技有限公司,中游,空,空
第二类新闻,建筑材料,空,东湖高新,中游,卖,65.03亿元。
第二类新闻,建筑,空,中装建设,中游,卖,"1.45亿元,,,9197.09万元。"
第二类新闻,通讯设备,接入型M-OTN设备,中国电信,中游,买,1353万元。
第二类新闻,金融业,空,现代金融控股（成都）有限公司湖北分公司,中游,卖,660000元。
第二类新闻,水利工程,空,安徽建工,中游,卖,"20.8亿元,,,6.88亿元,,,6.75亿元。"
第二类新闻,AI算力服务,空,中贝通信,买家,中游,2000万美元。
第二类新闻,算力租赁,空,恒润股份,空,买,空
第二类新闻,烤肠,龙大美食,空,中游,买,空
第二类新闻,空,空,中泰股份,中游,卖,19.14亿元。
第二类新闻,餐饮、零售,锅圈,锅圈食汇,B端,买,空
第二类新闻,动力电池,空,领湃科技,上游,卖,订单金额：空
第二类新闻,软糖,仙乐健康,空,下游,卖,空
第二类新闻,理财产品,空,名雕股份,中游,买,8000万元。
第二类新闻,白银,空,金银制品公司,中游,买,空
第二类新闻,电动汽车,空,本田汽车公司,中游,买,空
第二类新闻,基础设施,奉化现代智造产业园,浙江建投,中游,买,11.44亿元。
第二类新闻,疫苗,猪流行性腹泻病毒、猪轮状病毒二联亚单位疫苗,科前生物,中游,买,200万元。
第二类新闻,空,空,中金公司,中游,买,空。
第二类新闻,电解液添加剂,空,孚日股份,中游,卖,空
第二类新闻,碳化硅衬底,东尼电子,上游,买,小批量,空
第二类新闻,货币,空,中国中免,中游,买,空。
第二类新闻,美妆,薇诺娜,贝泰妮,中游,买,空
第二类新闻,未知,薇诺娜,贝泰妮,未知,空,空
第二类新闻,保险,空,某大型保险集团北京分公司,中游,卖,空
第二类新闻,内镜,空,开立医疗,中游,买,空
第二类新闻,肉制品,空,天邦食品,生产商,卖,17元。
第二类新闻,BAW滤波器,赛微电子,空,中游,买,空
第二类新闻,骨科,空,中信建投,中游,买,空
第二类新闻,股票,空,92家公司,中游,买,98.15亿元。
第二类新闻,储能,空,宏微科技,中游,买,空
第二类新闻,汽车,空,宏微科技,空,空,空
第二类新闻,卫星激光空间通信,空,长光华芯,中游,买,空
第二类新闻,空,空,中国生物制药,中游,买,7288.5万港元。
第二类新闻,射频电源,空,英杰电气,中游,卖,5000万。
第二类新闻,半导体制造材料,空,中游,购买,空,空
第二类新闻,PSS,兆驰半导体,中游,空,空,未说明
第二类新闻,空,空,小米公司,空,卖,9000000000
第二类新闻,机器人,空,亚马逊,中游,买,空。
第二类新闻,信息安全产品,空,麒麟信安,中游,买,空。
第二类新闻,显示,空,利亚德,中游,买,空
第二类新闻,合成大分子,空,博腾股份,中游,买,空
第二类新闻,充电基础设施,空,北新路桥,中游,卖,1.63亿元。
第二类新闻,空,空,慕思股份,中游,买,空
第二类新闻,空,空,远东股份,中游,卖,22.83亿元。
第二类新闻,起落架,空,北摩高科,中游,买,空。
第二类新闻,方便食品,茅小咖,中国贵州茅台酒厂（集团）有限责任公司,空,买,空。
第二类新闻,线性传动产品,江苏雷利,空,空,空,空
第二类新闻,飞机,"A220-100,A220-300",新几内亚航空,空客,买,空
第二类新闻,扫地机器人,科力尔,中游,买,空,空。
第二类新闻,5G,L-PAMiD模组,慧智微,"中游,,高频段",买,空。
第二类新闻,高岭土矿,空,大为股份,生产商,买,3760万元。
第二类新闻,空,空,鑫磊股份,上游,卖,200MW。
第二类新闻,空,空,中航电测,未知,买,空
第二类新闻,磷酸锰铁锂,湖南裕能,空,中游,买,空
第二类新闻,精密压铸,华阳集团,中游,空,空,空
第二类新闻,资金,存款,超卓航科,下游,买,5995万元。
第二类新闻,智能车控、智能网联,空,华勤技术,中游,空,空
第二类新闻,六氟磷酸锂,邵武永太高新材料有限公司,中游,空,买,空。
第二类新闻,液冷超级充电堆,金冠股份,空,上游,卖,空
第二类新闻,折叠屏手机,联得装备,中游,卖,空,空。
第二类新闻,汽车零部件,日盈电子公司,下游,空,卖,空
第二类新闻,机械设备,减速器产品,横河精密,空,中游,空
第二类新闻,质谱仪,空,禾信仪器,中游,购买,空
第二类新闻,空,智能制造场景机智能制造系统,日照利尔高温新材料有限公司,中游,买,空。
第二类新闻,汽车零部件,闭式空气悬架系统,拓普集团,中游,买,空
第二类新闻,呼吸道病原体快速诊断,核酸分子相关产品,英诺特,空,空,空
第二类新闻,乡村振兴科技转换,中,风语筑,中游,买,1.09亿元
第二类新闻,注射剂,阿托品,"河南润弘制药有限公司,,,天方药业有限公司,,,成都倍特药业有限公司,,,杭州民生药业有限公司,,,北京京丰制药有限公司,,,国药集团国瑞药业,,,湖北兴华制药有限公司,,,嘉实湖南医药有限公司",空,买,空
第二类新闻,FPC产品,人形机器人领域,中京电子,中游,买,空。
第二类新闻,精密行星减速机,豪能股份,空,中游,买,空
第二类新闻,水产品,帝王蟹,俄罗斯岸泰集团,下游,买,10亿美元
第二类新闻,水产品,三文鱼,智利爱鲲,下游,买,5亿美元
第二类新闻,光伏复合材料边框,空,博菲电气,生产商,卖,订单金额空。
第二类新闻,汽车零部件,空,瑞玛精密,中游,买,空
第二类新闻,MR,空,光线传媒,中游,买,空
第二类新闻,空,空,紫金矿业,中游,买,5亿元。
第二类新闻,药品,阿立哌唑口服溶液,康弘药业,中游,卖,空。
第二类新闻,药品,地夸磷索钠滴眼液,兴齐眼药,中游,买,空
第二类新闻,药品,雷贝拉唑钠肠溶片,晋城海斯制药有限公司,中游,买,空
第二类新闻,药品,赛洛多辛胶囊、奥美沙坦酯氢氯噻嗪片,华海药业,空,买,空。
第二类新闻,药品,盐酸左沙丁胺醇雾化吸入溶液,华纳药厂,中游,买,空。
第二类新闻,药品,氟马西尼注射液,仙琚制药,中游,买,空。
第二类新闻,VR产品,亚世光电,空,下游,卖,空
第二类新闻,能源类,金属软磁粉,铂科新材,中游,空,空
第二类新闻,金属软磁粉芯/金属软磁粉产品,空,铂科新材,上游/中游,买/卖,空
第二类新闻,电子元器件,8英寸晶圆,世界先进,中游,买,90亿新台币。
第二类新闻,半导体,晶圆,世界先进,上游,买,90亿元新台币。
第二类新闻,空,空,通用技术集团,中游,采购,采购总金额较上届增长40%。
第二类新闻,人工智能,ChatGPT,OpenAI,空,空,预览版GPT-4 Turbo。
第二类新闻,空,空,中国铁物公司,中游,买,空
第二类新闻,EVEC胶,空,软控股份,中游,卖,空
第二类新闻,航空航天设备,HGT750[C]辅助动力装置,霍尼韦尔航空航天集团,中游,卖,空
第二类新闻,机器人,空,恒为科技,中游,卖,空
第二类新闻,GPU,优刻得,空,中游,买,空。
第二类新闻,空,空,众智科技,中游,空,空
第二类新闻,HFCs,空,巨化股份,中游,买,空。
第二类新闻,娱乐产业,微短剧,完美世界,空,空,空
第二类新闻,微短剧,空,华策影视,中游,买,空
第二类新闻,大宗商品,空,国城矿业,中游,买,空
第二类新闻,空,晶圆制造设备,富创精密,中游,买,空
第二类新闻,35kV箱式变压器设备框架,空,特锐德,中游,卖,空。
第二类新闻,药品,丙泊酚乳状注射液,百利天恒,中游,买,空。
第二类新闻,三氟化氮,空,中船特气,生产商,空,空
第二类新闻,短剧类产品,空,因赛集团,中游,买,空
第二类新闻,天然气,空,河北省,空,买,28亿元。
第二类新闻,金属3D打印技术,空,统联精密,上游,买,空
第二类新闻,ETC系统,OBU产品,金溢科技,中游,买,空。
第二类新闻,光模块,四川华拓800G,空,下游,买,空
第二类新闻,烟包、酒包,空,大胜达,中游,买,空
第二类新闻,发动机,空,天永智能,中游,买,1.22亿元。
第二类新闻,卫星移动通信,空,中国电信,中游,买,空
第二类新闻,GPU算力,空,证通电子,中游,买,空。
第二类新闻,农林牧渔,空,中金公司,中游,买,空。
第二类新闻,MiniLED,空,聚飞光电,中游,卖,空。
第二类新闻,新能源汽车,空,日产汽车公司,未指定,空,空
第二类新闻,汽车,空,上海国拍公司,未知,买,91500元。
第二类新闻,空,GQ70型轻油罐车,晋西车轴,中游,卖,订单金额大小
第二类新闻,导电型碳化硅衬底,空,天岳先进,上游,卖,空
第二类新闻,机器人,磁传感器、光传感器、智能电机驱动芯片产品,灿瑞科技,中游,销售,空
第二类新闻,空,非显示业务,"昂瑞微,,,唯捷创芯,,,南芯半导体,,,杰华特,,,矽力杰,,,艾为电子",空,空,空
第二类新闻,汽车零部件,激光及毫米波雷达清洗阀产品样品,维科精密,空,上游,空
第二类新闻,汽车零部件,电子助力转向系统部件,维科精密,中游,空,小批量生产阶段
第二类新闻,空,相控阵T/R芯片,铖昌科技,中游,卖,空
第二类新闻,羰基铁粉,悦安新材,空,中游,买,空
第二类新闻,雾化合金粉,悦安新材,空,中游,空,空
第二类新闻,3C行业,悦安新材,空,下游,空,空
第二类新闻,内燃动车组,空,中国中车,中游,卖,空
第二类新闻,锌铜矿,Kipushi,金诚信,下游,买,1.95亿美元
第二类新闻,光通讯,共晶机,博众精工,生产商,卖,空
第二类新闻,飞机,波音,空,中游,卖,订单金额：空
第二类新闻,爆破工程,空,成远矿业开发股份有限公司,中游,买,20000万元/年
第二类新闻,高温合金构件,航空发动机叶片、燃气轮机涡轮叶片,深圳市深汕特别合作区万泽精密科技有限公司,下游,卖,"6,186.84万元"
第二类新闻,空,空,东山精密,中游,买,空。
第二类新闻,企业硬件,SSD&&服务器内存条,佰维存储,中游,买&&卖,空
第二类新闻,晶圆级塑封装备,空,耐科装备,中游,买,空。
第二类新闻,新能源汽车,易德龙,供应商,中游,买,空
第二类新闻,新能源车,空,福臻,中游,买,空。
第二类新闻,空,空,铭利达,中游,买,9.9亿人民币。
第二类新闻,航空器,A350-900飞机,空中客车公司,空中客车公司在产业链的位置,卖,订单金额空
第二类新闻,铁路技术装备,空,中国铁路,中游,买,空
第二类新闻,房地产,空,恒大地产集团有限公司,中游,买,17.18亿余元
第二类新闻,航空航天,A350飞机,空中客车,空中客车在产业链中的位置空,买,订单金额空
第二类新闻,钠电池,空,普路通,中游,买,空。
第二类新闻,广告人工智能,空,腾讯控股,中游,空,空
第二类新闻,海塘安澜工程,空,*ST围海,中游,买,3.27亿元。
第二类新闻,ADAS,空,科大国创,中游,卖,空
第二类新闻,白酒,郎酒股份,空,中游,空,空
第二类新闻,电子及声学,空,漫步者,中游,买,空
第二类新闻,银行理财产品,空,漳州灿坤实业有限公司,中游,买,5000万元。
第二类新闻,ADAS,空,科大国创,中游,卖,空
第二类新闻,智慧铁路,基于RFID技术的定位系统产品,远望谷,空,中游,空。
第二类新闻,生物试剂,空,皓元医药,中游,买,空
第二类新闻,钙钛矿加工设备,空,捷佳伟创,中游,买,2亿元
第二类新闻,工业产品,空,九号公司,中游,卖,"8,258,583.85欧元"
第二类新闻,智能网联交通,空,银江技术,中游,买,空
第二类新闻,电子设备,空,天和防务,下游,卖,9000万元。
第二类新闻,深海专用件产品,空,迪威尔,上游,买,空
第二类新闻,消费电子,空,智信精密,中游,买,空
第二类新闻,空,燃煤发电机组W型火焰炉脱硝项目,北京龙电宏泰环保科技有限公司,中游,买,3080万元。
第二类新闻,医药,舒沃哲®,迪哲医药,中游,买,空
第二类新闻,冷藏,空,海容冷链,中游,卖,空。
第二类新闻,空,空,比依股份,中游,买,空。
第二类新闻,电控,空,兴瑞科技,中游,买,空
第二类新闻,智能照明产品,空,实益达,中游,买,空。
第二类新闻,粮食,玉米,储运公司,中游,买,订单金额为12000吨。
第二类新闻,织带,伟星股份,空,中游,空,空
第二类新闻,动力工程,动压油膜滑动轴承,崇德科技,空,中游,空
第二类新闻,光伏玻璃防霉包装,盾石建筑公司,中游,卖,空,订单金额空
第二类新闻,扣式电池,紫建电子,中游,空,空,空
第二类新闻,空,军队采购,航天宏图,中游,买,空
第二类新闻,汽车,空,天汽模,中游,买,空
第二类新闻,煤炭,空,国家能源集团,中游,买,空
第二类新闻,光学胶,耐折叠和曲面屏用光学胶,日久光电,中游,空,空
第二类新闻,酒糟处理,空,酒鬼酒股份有限公司,下游,买,44万吨。
第二类新闻,智慧教育,博汇科技,空,中游,空,空。
第二类新闻,特钢,高温合金、高强钢、特冶不锈钢产品,抚顺特钢,中游,卖,空
第二类新闻,电池制造,空,襄阳弗迪电池有限公司,下游,买,空
第二类新闻,建筑,钢箱梁,海波重科,中游,买,1.3亿元
第二类新闻,电池包,空,大众汽车（安徽）零部件有限公司,生产商,买,空
第二类新闻,空,制药,力生制药,空,买,空
第二类新闻,飞机,A320neo系列,SMBC航空资本,上游,买,空。订单金额未提及。
第二类新闻,短剧广告,抖音,空,公司,买,空
第二类新闻,车载OBC和升压电感产品,空,伊戈尔,中游,卖,空
第二类新闻,草铵膦和精草铵膦,空,利民股份,生产商,买,空
第二类新闻,汽车电子芯片,空,华岭股份,中游,卖,空
第二类新闻,光伏组件,空,浙江格普光能科技有限公司,中游,买,260.425万元。
第二类新闻,外汇,空,璞泰来,中游,买,5000万美元。
第二类新闻,电子加速器,空,东诚药业,上游,买,空。
第二类新闻,空,空,嘉华股份,空,买,空
第二类新闻,AI算法,远光智言,远光软件,"中游,,,央企集团",卖,空
第二类新闻,液化天然气,空,雪佛龙公司,生产商,卖,空
第二类新闻,特种碳氢树脂,空,世名科技,中游,购买,空
第二类新闻,智能终端,空,新开普,中游,买,空。
第二类新闻,公路建设,149团公路第一标段,北新路桥,中游,卖,4.17亿元
第二类新闻,渗沥液处理,空,海峡环保,中游,销售,49.29亿元。
第二类新闻,管道管材,空,华电重工,下游,买,2.34亿元人民币
第二类新闻,MiniLED直显技术,空,深康佳A,中游,卖,空
第二类新闻,生活垃圾转运,空,侨银股份,中游,卖,5037.88万元。
第二类新闻,房地产,空,世茂集团,中游,卖,104.35亿元。
第二类新闻,电子元器件,空,悦安新材,中游,买,空、2024年主要的业绩驱动因素包括汽车电子、显卡等应用对电子元器件的增量需求，以及折叠屏等消费电子产品对高性能精密件的增量需求。
第二类新闻,药品,磷酸奥司他韦胶囊,华海药业,中游,买,空。
第二类新闻,空,空,中国太平人寿保险(香港)有限公司,下游,买,空
第二类新闻,算力,空,振芯科技,中游,买,空。
第二类新闻,内窥镜、能量手术设备,西山科技,空,下游,空,空
第二类新闻,短剧,空,天娱数科,中游,销售,空
第二类新闻,停车设备,空,天桥起重,下游,卖,723万元。
第二类新闻,汽车,空,大众汽车,中游,卖,空
第二类新闻,应用软件,斗鱼APP,空,华为应用市场,中游,空
第二类新闻,应用软件,斗鱼APP,空,小米应用商店,中游,空
第二类新闻,应用软件,斗鱼APP,空,苹果应用商店,中游,空
第二类新闻,应用软件,斗鱼APP,空,腾讯应用宝,中游,空
第二类新闻,应用软件,斗鱼APP,空,OPPO应用市场,中游,空
第二类新闻,无源光组件,800G用AWG,仕佳光子,空,中游,空
第二类新闻,空,液冷产品,申菱环境,中游,空,空
第二类新闻,游戏,朝夕光年,空,空,空,空
第二类新闻,空,空,天奥电子,空,买,1亿元。
第二类新闻,柠檬茶,空,丘大叔,空,买,空
第二类新闻,纸币清分机、人民币点钞机,空,威海新北洋荣鑫科技股份有限公司,中游,卖,空。
第二类新闻,碳/陶制动盘,金博股份,空,中游,空,空
第二类新闻,煤层气,空,蓝焰控股,中游,空,空
第二类新闻,空,空,Line运营商,空,买,空
第二类新闻,汽车、可穿戴压力传感器、加速度类产品,敏芯股份,空,中游,卖,空
第二类新闻,电池,小米汽车科技有限公司,中游,空,买,空
第二类新闻,空,空,国统股份,未知,买,12.8亿元。
第二类新闻,天窗密封部件,海达股份,中游,空,买,空
第二类新闻,磷矿,空,湖南裕能,中游,买,"20万元,,,25万元"
第二类新闻,电石,空,英力特,下游,买,空
第二类新闻,空,空,华海诚科,中游,销售,空。
第二类新闻,高压连接件,电工合金,空,中游,买,空
第二类新闻,银行业,花旗银行股份,沙特王国控股公司,空,买,4.5亿美元。
第二类新闻,空,空,中国银行股份有限公司,中游,买,空
第二类新闻,橡胶,空,海南橡胶,中游,卖,3934.97万元。
第二类新闻,土地,空,恒大地产集团,中游,卖,18.5亿元
第二类新闻,绿电,空,东方电气集团东方锅炉股份有限公司,中游,买,空
第二类新闻,封测业务,空,汇成股份,中游,买,空
第二类新闻,文化传播,微短剧,九州梦工厂国际文化传播有限公司,中游,买,空
第二类新闻,家具,空,美凯龙,中游,卖,10.52亿元
第二类新闻,流媒体服务,空,苹果和派拉蒙全球,空,中游,空。
第二类新闻,户外运动用品,浙江自然,空,空,ODM/OEM,空。
第二类新闻,空,公司车路协同系列产品,金溢科技,中游,买,空
第二类新闻,农机,水稻侧深施肥机,河南赛腾农业机械有限公司,中游,买,空
第二类新闻,汽车,空,广汽本田公司,中游,卖,空
第二类新闻,科技,空,"北京天融信科技有限公司,,,29家其他公司",中游,买,空
第二类新闻,储能设备,空,江苏国轩新能源科技有限公司,中游,买,空
第二类新闻,空,空,跃岭股份,空,买,空
第二类新闻,谐波减速器,空,万里扬,中游,空,空
第二类新闻,空,门店,得物,空,买,空
第二类新闻,GPU加速卡,AnyLayer HDI-PCB,中京电子珠海中京,中游,卖,空
第二类新闻,CF存储卡,IC载板,中京半导体,下游,卖,空
第二类新闻,光热能,空,首航高科公告,中游,买,12.6亿元。
第二类新闻,空,104国道杭州河庄至衙前段工程设计施工总承包第EPC-04标段,浙江交科,中游,卖,16.26亿元。
第二类新闻,房地产,二类居住用地,金隅集团,下游,买,28.97亿元。
第二类新闻,FCBGA封装基板,空,兴森科技,中游,买,空
第二类新闻,文旅产品,东方甄选,空,下游,买,空
第二类新闻,产业数据资源,空,"武汉东湖大数据科技股份有限公司,青岛数据资产登记评价中心",空,空,空
第二类新闻,电子产品,苹果公司支票,空,空,买,16万元。
第二类新闻,空,空,中国中车,空,买,289.9亿元人民币
第二类新闻,规划设计业务非核心能力技术配合服务,空,吉大通信,中游,买,2.11亿元。
第二类新闻,电动车电池,宁德时代,上游,空,买,空
第二类新闻,Wi-Fi7,空,康希通信,中游,卖,空
第二类新闻,药品,空,阳光诺和,中游,买,空
第二类新闻,建筑工程,空,恒大地产集团有限公司,中游,卖,3.9亿余元
第二类新闻,柔性石墨产品,空,中石科技,中游,卖,空
第二类新闻,音乐,周杰伦加盟环球音乐,杰威尔音乐,中游,买,空
第二类新闻,军工行业,空,中信建投,空,买,空
第二类新闻,光器件,空,天孚通信,中游,买,空
第二类新闻,空,空,国际航空运输协会北亚地区,中游,买卖,空。
第二类新闻,电子元器件,电能表,科陆电子,中游,卖,35280.89万元
第二类新闻,电能表,空,海兴电力,中游,卖,3.87亿元。
第二类新闻,广告业务,空,社交媒体公司X,中游,买,空
第二类新闻,网络短剧及动画片,空,浙版传媒,中游,卖,空。
第二类新闻,癌症疗法,子宫内膜癌症,默克公司,上游,卖,空
第二类新闻,橡胶,空,海南橡胶,中游,卖,4193.13万元。
第二类新闻,金属制品,空,山东黄金,空,卖,2.9亿元。
第二类新闻,空,空,陕建股份,空,买,7596万元。
第二类新闻,双燃料汽车运输船,空,广船国际,中游,购买,空
第二类新闻,电池,魔塔176,三一锂能有限公司,中游,卖,3.9亿元。
第二类新闻,坚果,夏威夷果,三只松鼠,中游,买,22.9元。
第二类新闻,写字楼,超高层写字楼,平安建设集团有限公司,中游,买,8亿元。
第二类新闻,生成式人工智能,空,汤姆猫,中游,买,空。
第二类新闻,烤肠类产品,空,龙大美食,中游,卖,2.5-3亿
第二类新闻,光模块,中际旭创,空,空,空,空
第二类新闻,谐波减速器,空,丰光精密,下游,买,空
第二类新闻,多模态大模型技术,数字人,二六三,中游,买,空
第二类新闻,电能表,空,科林电气,中游,卖,1.56亿元
第二类新闻,城乡环卫,空,玉禾田智慧城市运营集团有限公司,买家,2.57亿元/年,空
第二类新闻,钢材,友联运河大桥拆除重建工程钢箱梁,海波重科,中游,买,1.45亿元
第二类新闻,接触轨系统设备,空,高铁电气,中游,卖,1.49亿元。
第二类新闻,CMS产品,豪恩汽电,空,中游,买,空
第二类新闻,白酒,华致酒行,空,中游,买,1亿元-1.5亿元。
第二类新闻,电能表,空,东方电子,上游,卖,4.06亿元
第二类新闻,电子元器件,空,奕东电子,中游,买,空。
第二类新闻,购物,Temu应用程序,空,在产业链的位置未知,空,18分钟。
第二类新闻,控制器,VCU产品,经纬恒润,中游,买,订单金额大小：空。
第二类新闻,工业机器人,空,埃斯顿,空,上游,空
第二类新闻,游戏,空,谷歌云,中游,买,空。
第二类新闻,电子,空,亚光科技,中游,买,1.9亿元。
第二类新闻,电能表,空,林洋能源,下游,卖,3.36亿元。
第二类新闻,电能表,空,三星医疗,中游,买,4.68亿元
第二类新闻,空,空,赛维时代,中游,买,空
第二类新闻,硅碳负极材料,翔丰华,下游,空,买,空
第二类新闻,离岸博彩,空,中国公民,中游,买,空
第二类新闻,环保项目,城市快速路清扫保洁、冰雪清运及设施清洗综合项目,侨银股份,中游,买,2735.02万元一年，服务期3年，总金额合计8205.06万元。
第二类新闻,维生素,维生素B6、维生素B1,天新药业,空,主动销售,空
第二类新闻,笔记本电脑,闻泰科技,中游,卖,空,空
第二类新闻,白酒,泸州老窖,空,中游,买,空
第二类新闻,教育类、资格类等考试,空,鸥玛软件,中游,买,空。
第二类新闻,电子元器件,电能表,新联电子,中游,买,1.21亿元。
第二类新闻,航空,空餐,南方航空公司,中游,买,空
第二类新闻,电子商贸及互联网服务,空,恒生指数公司,上游,空,空
第二类新闻,保险,原保险合同保费,"阳光财产保险股份有限公司,阳光人寿保险股份有限公司","上游,上游","买,买","403.9亿元,,,684.62亿元"
第二类新闻,宫颈细胞学AI,空,安必平,中游,空,空
第二类新闻,土地,空,武汉航晨置业有限公司,空,空,，
第二类新闻,土地,空,武汉欣瑞康置业有限公司,空,空,，
第二类新闻,土地,空,武汉军山城市资产运营有限公司,空,空,。
第二类新闻,天然气,俄气公司,生产,卖,空,空
第二类新闻,医疗器械,敷料贴和液体敷料,洁雅股份,空,中游,空
第二类新闻,生猪养殖,空,天邦食品,中游,买,空。
第二类新闻,游戏,元梦之星,因赛集团,中游,卖,空
第二类新闻,化工,纯碱,盛新锂能,空,中游,空。
第二类新闻,重型燃机,空,中国华电,中游,买,空
第二类新闻,建筑材料,空,北新路桥,中游,卖,4.14亿元。
第二类新闻,微量元素检测,空,禾信仪器,中游,空,空
第二类新闻,扁线电机,空,双林股份,中游,买,空
第二类新闻,三合一电桥,空,双林股份,中游,买,空
第二类新闻,工业人形机器人,空,天奇股份,中游,买,空。
第二类新闻,PVDF特种工程塑料板棒材产品,同益股份,中游,空,空,空。
第二类新闻,电池,150度电池包,赣锋锂业,中游,购买,空
第二类新闻,核电阀门,空,江苏神通,中游,卖,7000万
第二类新闻,法兰锻件,空,无锡法兰,中游,卖,2000万
第二类新闻,人工智能,空,TomTom,下游,卖,空。
第二类新闻,光伏,空,*ST美尚，江苏红豆能源科技有限公司,下游,买,8284.50万元。
第二类新闻,空,空,华为技术有限公司,中游,买,空
第二类新闻,PEEK,空,金发科技,中游,买,空
第二类新闻,度假村,NBC环球,中游,买,空,
第二类新闻,空,空,浙海德曼,中游,卖,空
第二类新闻,多晶硅,空,新疆天富伟业工程有限责任公司,下游,买,1.5亿元。
第二类新闻,游戏业务,空,慈文传媒,中游,卖,100万元
第二类新闻,智慧城建,空,高新发展,中游,卖,2412.752万元。
第二类新闻,空,空,深水海纳,中游,买,空。
第二类新闻,空,空,米哈游网络科技股份有限公司,中游,买,空
第二类新闻,防水开关,空,汇创达,中游,供货,空
第二类新闻,算力设备,空,北京神州新桥科技有限公司,中游,采购,"613,591,000.00元。"
第二类新闻,钙钛矿/异质结叠层电池,空,宝馨科技,中游,卖,空
第二类新闻,城乡环卫一体化,空,玉禾田,空,买,64.19亿元
第二类新闻,空,座椅系统、给水卫生系统、备用电源系统,ST华铁,中游,买,空
第二类新闻,TAC膜,空,天禄科技,中游,买,空
第二类新闻,土地开发,空,福能东方,中游,卖,9995.5576万元
第二类新闻,法律,空,慈善法草案、粮食安全保障法草案、刑法修正案（十二）草案、突发事件应对管理法草案、农村集体经济组织法草案、国境卫生检疫法修订草案、矿产资源法修订草案,空,空,空
第二类新闻,电驱压裂成套装备,空,杰瑞股份,下游,卖,最高纪录。
第二类新闻,人形机器人,空,天奇股份,中游,买,空
第二类新闻,氢燃料电池,现代商用车（中国）有限公司,中游,买,空,500台。
第二类新闻,橡胶,空,海南橡胶,中游,买,空。
第二类新闻,超级柜员机（STM）,中国邮政集团有限公司,空,空,买,空。
第二类新闻,外饰件,空,模塑科技,中游,买,空
第二类新闻,智能语音数据集,海天瑞声,空,中游,买,数千万元级别
第二类新闻,智能电子,智能电机驱动芯片,灿瑞科技,空,中游,空
第二类新闻,汽车,空,大发工业公司,中游,卖,空。
第二类新闻,射频电源,空,英杰电气,下游,卖,9000多万
第二类新闻,溅射电源,空,英杰电气,中游,卖,4000万左右
第二类新闻,偏光片,空,杉杉股份,空,空,空
第二类新闻,LCP薄膜,空,普利特,中游,卖,2000m
第二类新闻,计量产品,空,三星医疗,未说明,买,2.0891亿元。
第二类新闻,Mini LED固晶机,空,新益昌,中游,买,4.13亿元。
第二类新闻,计量产品,空,鼎信通讯,中游,买,24798.84万元
第二类新闻,游戏AI,NPC,微软Xbox,空,空,空。
第二类新闻,氨,空,三星重工,中游,出货,3108亿韩元。
第二类新闻,中尺寸 IT、车载、笔电、MR、VR,空,维信诺,中游,买,空
第二类新闻,医用净化,空,华康医疗,中游,卖,8171.08万元
第二类新闻,计量产品,空,炬华科技,下游,买,1.6亿元。
第二类新闻,网络游戏,空,浙版传媒,下游,买,空
第二类新闻,光伏设备,空,高测股份,中游,出货,空
第二类新闻,智能装备,空,克来机电,中游,卖,空
第二类新闻,制氢分子筛,建龙微纳,中游,空,卖,空
第二类新闻,通信设备,空,中贝通信,中游,买,1.63亿元。
第二类新闻,外卖,空,Zomato,中游,卖,40.2亿印度卢比
第二类新闻,碳中和,空,中碳绿信科技,中游,买,1.4亿人民币
第二类新闻,操作系统,鸿蒙产品,拓维信息旗下开鸿智谷,空,中游,空
第二类新闻,AI,空,空,空,空,空
第二类新闻,电动大巴,比亚迪,空,下游,卖,空
第二类新闻,数字货币,空,数字认证,中游,买,空
