news_type,industry,product,provider,buyer,provider_location,buyer_location,bill
第一类新闻,家电、家具和日用品,空,珠三角地区生产的家电、家具和日用品,空,下游,空,空
第一类新闻,风能,空,金盘科技,甘肃瓜州宝丰风能开发有限公司,中游,下游,1.5亿元。
第一类新闻,CDMO,空,普洛药业,江苏先声药业有限公司,下游,上游,空。
第一类新闻,建筑材料,熔岩管,空,北京空间机电研究所,空,中游,空
第一类新闻,口罩,空,粤万年青,空,中游,空,空
第一类新闻,医疗保健,空,通用电气,空,上游,空,空
第一类新闻,燃气和风力涡轮机,空,通用电气,GE Vernova,下游,中游,空
第一类新闻,空,智信,梦网科技,联通在线,上游,中游,空
第一类新闻,汽车电子产品,空,生益电子,多家客户,中游,下游,空。
第一类新闻,BC电池线路,空,帝尔激光,空,中游,下游,40GW
第一类新闻,PERC电池,空,帝尔激光,空,中游,下游,100GW
第一类新闻,风电,空,中国电建集团江西省电力建设有限公司,空,中游,中标金额,"51.39亿元,,,58.08亿元"
第一类新闻,风电,空,中国电建集团江西省电力建设有限公司,空,中游,上游,"51.39亿元,,,58.08亿元"
第一类新闻,能源,空,中贝通信,浙储能源,上游,下游,2.4亿元-3.2亿元
第一类新闻,电池材料三元前驱体,华友钴业及其子公司,浦项化学,中游,下游,约金额,16万吨。
第一类新闻,汽车,涂装,中机汽车,吉利商用车,中游,下游,3.65亿元
第一类新闻,智能摄像头和毫米波雷达,空,纵目科技,奇瑞新能源,中游,下游,空
第一类新闻,电子产品,"AirPods,Apple Watch,MacBook组件",苹果公司,中国大陆供应商,空,下游,空
第一类新闻,半导体固晶设备,空,联得装备,空,中游,下游,空
第一类新闻,DSP,空,比亚迪,进芯电子科技有限公司,上游,中游,空
第一类新闻,XR头戴装置,和硕，空,中游，空,空,2023年第一季度末,空,订单金额：空
第一类新闻,光伏组件,TITAN系列高效单晶PERC组件,"东方日升,,,威胜能源产业技术有限公司","上游,,,下游","上游,,,下游",空,100MW。
第一类新闻,科技产业,空,子公司铁汉建设,中节能（漳州）,中游产业链,下游产业链,2.28亿元。
第一类新闻,光伏,"硅料, 硅片",空,空,上游,下游,空
第一类新闻,MEMS传感器,空,日月光,凌森精密,中游,下游,空
第一类新闻,碳陶刹车盘,楚江新材,汽车主机厂,下游,空,空,空
第一类新闻,化工,空,青松建化,空,上游,中游,41607万元
第一类新闻,云产品,空,顺网科技,网鱼电竞,中游,中游,空
第一类新闻,空,空,空,空,空,空,空
第一类新闻,数字经济产业,空,滨海—中关村科技园,12家科技创新企业,上游,中游,空。
第一类新闻,医疗设备,空,江苏达实久信医疗科技有限公司,重庆市黔江中心医院,中游,下游,6060.17万元
第一类新闻,空,集中式购物中心,港城集团,印力集团,空,空,空。
第一类新闻,半导体光电产业,空,深康佳A,空,下游,上游,空
第一类新闻,碳化硅衬底,空,东尼半导体,T,下游,下游,6.75亿元
第一类新闻,真空泵,空,汉钟精机,空,中游,空,空
第一类新闻,汽车产业,空,空,空,空,空,订单金额：空
第一类新闻,新能源汽车大功率无线充电系统,空,安洁科技,终端汽车品牌,上游,下游,空
第一类新闻,音视频能力,空,微软,海信,中游,下游,空。
第一类新闻,中成药,柴胡颗粒、金荞麦片,精华制药,空,上游,中游,空
第一类新闻,电力,空,通用汽车,"福特,,,,谷歌,,,,太阳能生产商","下游,,空",空,空
第一类新闻,FC-BGA封装基板,空,深南电路,客户,中游,下游,空
第一类新闻,空,空,唐源电气,成都唐源信测科技有限公司,上游,下游,1000万元。
第一类新闻,锂电池,宜丰银锂锂电新能源有限公司,江西江特矿业,富临精工,下游,上游,4000万元
第一类新闻,药品,海灵药业,华信制药,中游,下游,空,空。
第一类新闻,药品,阿达木单抗注射液,迈威生物,君实生物,下游,中游,空
第一类新闻,图书,空,京东图书,当当网,中游,中游,空
第一类新闻,锂资源,空,西藏矿业,万华化学、倍杰特、地科院资源所,上游,中游、中游、中游,空
第一类新闻,纯电动汽车,黄海smile,宗申动力,黄海,生产/制造,下游,空
第一类新闻,电动观光车,空,宗申动力,空,生产/制造,下游,空
第一类新闻,汽车用线缆,空,卡倍亿,汽车线束厂商,中游,下游,空
第一类新闻,空,空,桂发祥,"抖音,快手",空,"下游,下游",空
第一类新闻,光模块,Arista 25/40/100G,空,北美一家重要数据中心客户,上游,中游,空
第一类新闻,Mini直显产品,空,空,空,战略客户,下游,空
第一类新闻,水资源配置工程,空,空,空,空,空,空
第一类新闻,数据安全能力支撑服务,空,东方通,陕西移动,中游,下游,空
第一类新闻,空,CIIC一体化智能底盘,时代智能,哪吒汽车,中游,下游,空。
第一类新闻,乘用车智能驾驶,空,小马智行,空,上游,中游,空。
第一类新闻,锂电池,空,科信技术,"中国移动,,,爱立信",上游,中游,9063.57万元
第一类新闻,UTG,空,长信科技,OPPO,中游,下游,空
第一类新闻,光储一体化项目,空,粤水电能源有限公司,巴楚能源公司,中游,下游,108.49亿元
第一类新闻,黄金,空,山东黄金,甘肃资管,上游,中游,空。
第一类新闻,光储一体化项目,空,粤水电建筑安装建设有限公司,巴楚县粤水电能源有限公司,中游,下游,108.49亿元
第一类新闻,电动汽车电池,空,三星SDI,宝马,中游,下游,空
第一类新闻,地图,谷歌地图,空,保时捷,谷歌,空,空
第一类新闻,钠离子电池,空,普利特控股子公司江苏海四达电源有限公司,中科海钠科技有限责任公司,下游,中游,空
第一类新闻,碳三,酚酮、双酚A,空,空,中游,中游,空
第一类新闻,电气元器件,空,宁德时代,众业达子公司,下游,上游,空
第一类新闻,物流机器人,自动导引车（AGV）,东芝基础设施系统,牧星智能科技有限公司,中游,下游,数亿日元。
第一类新闻,空,空,哈工大,中国移动,中游,上游,空
第一类新闻,航空器零部件,空,成都航新,中航工业,中游,中游,空
第一类新闻,NB-IoT,空,中兴通讯,中国移动,中游,下游,空。
第一类新闻,座椅系统,空,天成自控公司,上海吉祥智驱新能源汽车有限公司,中游,下游,空
第一类新闻,海上风电变桨轴承滚子,"海装,,,上海电气,,,金风科技","下游,,,下游,,,下游",中游,空,空,空
第一类新闻,饮品,空,保龄宝,瑞幸咖啡,上游,中游,空
第一类新闻,AEB业务,空,东风科技,"广汽日野,,,重庆庆铃,,,四川现代",中游,下游,空
第一类新闻,电池,空,LG能源,本田,中游,上游,空
第一类新闻,智能电动出行,空,阿里巴巴集团,吉利控股集团,上游,下游,空
第一类新闻,空,空,"尚太科技,,,比亚迪",空,空,空,空
第一类新闻,新冠变异株mRNA疫苗,空,沃森生物,蓝鹊生物,上游,中游,空。
第一类新闻,空,朗科大厦租赁,腾讯公司,朗科科技,下游,上游,空。
第一类新闻,显示模组,VR Quest2,长信科技,Meta,中游,下游,空
第一类新闻,光伏,空,西昌电力,农垦罗家沟,中游,下游,空。
第一类新闻,服务器,空,AMD、英特尔,系统厂,供应链位置未说明,下游,空
第一类新闻,电子烟,空,盈趣科技,空,上游,下游,空
第一类新闻,增强现实眼镜,空,蔚来,空,中游,下游,空
第一类新闻,电池,空,尚太科技,LG新能源,中游,上游,空
第一类新闻,啤酒,麦芽,苏垦麦芽,"百威啤酒,,,华润雪花,,,燕京啤酒,,,珠江啤酒",中游,下游,空
第一类新闻,电池,空,LG能源,韩华集团,中游,中游,空。
第一类新闻,电池,空,宁德时代,蔚来,中游,下游,空
第一类新闻,液化天然气,空,大阪燃气,新的哈萨林2号运营商,中游,下游,空。
第一类新闻,马达铁芯,空,隆盛新能源,金康动力,下游,上游,空。
第一类新闻,风电,空,龙源技术,国能科环望奎新能源有限公司,下游,上游,空
第一类新闻,工业机器人,空,上海市,空,下游,空,空，订单金额：空
第一类新闻,工程勘察设计,空,优刻得,天强管理咨询,中游,中游,空
第一类新闻,空,空,果麦文化,东方甄选,中游,下游,空
第一类新闻,卫星通讯,Starlink,SpaceX,嘉年华邮轮(CCL.N),上游,下游,空
第一类新闻,电力设备,空,国网四川电力,空,中游,空,空
第一类新闻,密封垫片,空,密封科技,"下游客户,,,商用车市场",空,"下游客户产业链位置,,中游",订单金额：空
第一类新闻,土建施工,空,兵团交建,空,下游,下游,10.3亿元
第一类新闻,新冠疫苗,空,Moderna,中国,中游,中游,空
第一类新闻,互联网金融,空,腾讯云,空,中游,空,空
第一类新闻,瓦线,空,京山轻机,空,上游,中游,空
第一类新闻,服装加工,空,上工申贝集团,江苏阳光集团,中游,中游,空。
第一类新闻,信用风险缓释工具,CRMW,空,空,空,空,空
第一类新闻,镜头模块,空,Genius Electronic Optical (GSEO),苹果公司,中游,下游,空。
第一类新闻,空,空,佛山照明,中筑天佑,下游,中游,空
第一类新闻,智能汽车,空,百度Apollo,福州新区,中游,空,空。
第一类新闻,汽车,设计文件,小米,供应商,"下游,,,模具打样公司",空,空。
第一类新闻,云服务,空,道富银行(STT.N),"亚马逊(AMZN.O),,,微软(MSFT.O)",空,"上游,,,上游",空。
第一类新闻,空,空,Meta Platform,BuzzFeed,中游,中游,数百万美元。
第一类新闻,锂电池,锂电池极片设备,空,北方华创,空,空,空
第一类新闻,光刻胶,ArF类,空,国内晶圆制造企业,空,中游,空
第一类新闻,半导体,碳化硅,安森美,大众汽车,中游,下游,空
第一类新闻,OLED面板,空,三星显示器,LG电子,上游,下游,空
第一类新闻,锂盐,空,雅化集团,特斯拉,上游,下游,空
第一类新闻,铁矿石,中国矿运有限公司,淡水河谷（国际）有限公司,下游,上游,空,1亿吨。
第一类新闻,锂矿物种,空,赣锋锂业,PMI,上游,下游,空
第一类新闻,AR/VR,空,联合光电,"乐相（大朋）,,,小派,,,亮亮视野,,,纳德",整机组装,"|中游,,,下游",空
第一类新闻,天然气,空,壳牌公司,空,上游,空,
第一类新闻,天然气,空,壳牌公司,空,下游,空,
第一类新闻,车用芯片,空,鸿海电子,通用汽车,中游,下游,空
第一类新闻,光伏领域,空,力合微,"太阳能光伏组件生产企业,,,光伏智能接线盒企业,,,电池企业,,,智慧管理系统开发及集成商",空,空,空
第一类新闻,空,IntelligentRAN 5GtoB Suite端网智能运维方案,华为,天津移动,中游,下游,空
第一类新闻,弗迪动力,空,宁容电子,深圳市比亚迪供应链管理有限公司,中游,下游,空
第一类新闻,Chatgpt,空,创维数字,空,中游,空,空
第一类新闻,Chatgpt,空,创维数字,空,下游,空,空
第一类新闻,空,空,铭利达,下游公司,空,空,空
第一类新闻,人工智能,智能对话平台,初灵信息公司,用户,中游,中游,空
第一类新闻,汽车,空,本田技研科技（中国）有限公司,本田生产技术（中国）有限公司,下游,中游,空
第一类新闻,电动汽车,空,LG能源,通用汽车,中游,中游,空
第一类新闻,电池,空,LG能源,通用汽车,上游,中游,空
第一类新闻,新能源领域（锂电及其产业链、光伏、新能源车等）,空,音飞储存,"宁德时代,,,比亚迪,,,欣旺达,,,松下,,,中航新创,,,蜂巢能源,,,贝特瑞,,,鸿博斯特,,,红太阳光电,,,瑞阳新能源,,,尚德",中游,下游,空。
第一类新闻,建筑材料,环保生态墙地砖,成都建筑材料工业设计研究院有限公司,河北清峰绿能固废处置有限公司,中游,下游,53.76亿元。
第一类新闻,口腔护理产品,空,狮王,空,中游,空,空
第一类新闻,安评业务,空,康龙化成,空,上游,下游,空
第一类新闻,空,空,通达动力,小米汽车,中游,下游,空。
第一类新闻,汽车零部件,空,模塑科技,小米汽车,中游,下游,空
第一类新闻,海洋防污剂产品,北京奥得赛化学有限公司,北京金奥海洋科技发展有限责任公司,上游,下游,空,空
第一类新闻,电力产业,空,重庆水务,九龙县汤古电力开发有限公司,下游,下游,1.4亿元
第一类新闻,交通运输,小三通,空,空,中游,空,空
第一类新闻,医疗保健,空,金陵药业,安庆市石化医院,上游,下游,空
第一类新闻,智能汽车,空,博世中国,北汽集团,中游,中游,空
第一类新闻,氢能,空,"石化机械,,,中石化集团公司","上游,下游",上游,下游,空。
第一类新闻,储能业务,空,上能电气,深圳市欣旺达能源科技,上游,中游,空
第一类新闻,电池,空,LG能源,FEPS,上游,中游,19GWh。
第一类新闻,混合现实（MR）平台,空,三星,谷歌，高通,下游，下游,空,空
第一类新闻,太阳能发电站,空,Wollar Solar,Jinko Solar Australia,中游,下游,4400万美元。
第一类新闻,VR内容,空,恒信东方,Nreal,上游,中游,空
第一类新闻,高压线缆,空,卡倍亿,"比亚迪,,,吉利",下游,下游,空
第一类新闻,化工原料,空,瑞联新材,海融医药,上游,中游,空
第一类新闻,三维预览,空,空,空,中游,空,空。
第一类新闻,药品,Paxlovid,华海药业,辉瑞,下游,上游,空
第一类新闻,服务器,空,川大智胜,华为,中游,上游,空
第一类新闻,空,募投扩产项目设备,空,公司,下游,空,空。
第一类新闻,AI技术,GPT技术,空,因赛集团,空,空,空。
第一类新闻,空,空,福特汽车,空,下游,卖,13.49美元。
第一类新闻,钙钛矿设备,空,利元亨,"冯•阿登纳,,,上海森松",空,空,空
第一类新闻,半导体洁净机械手,空,空,空,上游,中游,空
第一类新闻,EFEM产品,空,空,空,中游,空,空
第一类新闻,真空传输平台,空,空,空,上游,中游,空
第一类新闻,人工智能,图灵机器人开放平台,奥飞娱乐,北京光年无限科技有限公司,上游生产商,中游供应商,空
第一类新闻,算力服务,空,奥飞数据,百度,中游,上游,空
第一类新闻,电池,空,长久物流,北京昇科能源科技有限责任公司,中游,中游,空
第一类新闻,民用飞机复合材料零部件,波音,中国航空工业集团有限公司,上游,下游,空,空。
第一类新闻,新能源,空,中兴通讯,双登集团,下游,中游,空
第一类新闻,锂,Livista Energy,CAA Mining,中游,中游,空,空。
第一类新闻,复合铜箔,空,双星新材,空,上游,空,空
第一类新闻,功率芯片,空,澄天伟业,空,上游,空,空
第一类新闻,电池级氢氧化锂,雅化锂业,LGC,上游,下游,空,约30000吨
第一类新闻,建筑业,空,北新融建,大南街幼儿园花滩总部,中游,下游,1.08亿元
第一类新闻,光伏硅片,空,天准科技,客户,中游,下游,8110万元
第一类新闻,车规级PM2.5传感器总成,空,四方光电,欧洲著名主机厂,中游,下游,3.56亿元
第一类新闻,车载人机交互,空,四维图新,普强公司,中游,中游,空
第一类新闻,智能语音客服,空,普强公司,空,中游,空,空
第一类新闻,纳微米材料,空,远翔新材,纳微微球研究所,中游,中游,空
第一类新闻,配网设备,"10KV油浸式变压器(非晶合金型除外),10KV预装式变电站(欧式,紧凑式),10KV户外开关箱配置SF6全绝缘断路器自动化成套柜,10KV柱上真空短路器自动化成套设备",石家庄科林电气设备有限公司,南方电网公司,中游,下游,1.9816亿元含税。
第一类新闻,人工智能,ChatGTP类人工智能应用,空,首都在线,空,中游,空
第一类新闻,空,汉得信息,百度,空,中游,中游,空
第一类新闻,云计算,智慧人大平台解决方案,中科信息,华为,中游,中游,空
第一类新闻,工业自动化业务,空,英威腾,空,华南基地,上游,空
第一类新闻,除工控业务以外的其他业务,空,空,英威腾,华南基地,上游,空
第一类新闻,OLED屏幕,空,"三星,,,LG","中游,,,中游",空,空,空
第一类新闻,汽车,内饰皮革,兴业科技控股子公司宏兴汽车皮革,"蔚来汽车,理想汽车,赛里斯问界系列,哪吒汽车,吉利汽车","中游,,,下游,,,空",空,空
第一类新闻,电池,空,金龙羽,空,空,研发阶段,空
第一类新闻,聊天机器人,空,京东,空,上游,空,空
第一类新闻,空,空,中铝物流集团,中铁集装箱公司,中游,下游,空
第一类新闻,太阳能业务,空,科森科技,特斯拉,中游,中游,空
第一类新闻,空,ChatGPT功能,昆仑万维,Opera浏览器,上游,下游,空。
第一类新闻,服务器,空,"海得控制,,,空","上游,,,空",空,空,空
第一类新闻,航空航天金属软管,空,航天晨光,"沈飞,成飞,西飞","下游,下游,下游",空,空。
第一类新闻,家电,空,苏宁易购,美的,中游,下游,240亿元
第一类新闻,新材料,空,中国建材集团,华为技术,中游,中游,空
第一类新闻,预制菜产业,空,"国联,,恒兴",空,空,空,空
第一类新闻,空,空,光环新网,百度,中游,下游,空
第一类新闻,云计算,空,光环新网,百度,中游,中游,空
第一类新闻,飞机测控产品,空,西测测试公司,中航电测公司,中游,中游,空。
第一类新闻,电阻应变计,空,西测测试公司,中航电测公司,中游,中游,空。
第一类新闻,应变式传感器,空,西测测试公司,中航电测公司,中游,中游,空。
第一类新闻,称重仪表,空,西测测试公司,中航电测公司,中游,中游,空。
第一类新闻,机动车检测系统,空,西测测试公司,中航电测公司,中游,中游,空。
第一类新闻,新能源重卡,空,成渝电走廊,空,上游,下游,空
第一类新闻,空,空,中铁装配式建筑科技有限公司,桂林和翼房地产开发有限公司,中游,下游,2亿元。
第一类新闻,空,空,菜鸟,联合利华中国,中游,上游,空。
第一类新闻,零部件,钟形壳、三柱壳、三球销部件,万向钱潮,特斯拉,下游,上游,空
第一类新闻,铁矿石,空,淡水河谷,中国钢铁工业协会副会长骆铁军,中游,空,空。
第一类新闻,汽车,空,毅昌科技,"比亚迪,,,奇瑞新能源,,,小鹏汽车,,,零跑汽车,,,合众汽车",上游,空,空
第一类新闻,广告,空,天龙集团,网易旗下部分子公司,下游,上游,空
第一类新闻,服务器,华为,银信科技,华为存储,中游,上游,空
第一类新闻,半导体,SiC晶锭激光切片机,大族激光,客户,空,空,空
第一类新闻,铁矿石和焦煤,空,必和必拓集团,中国钢铁工业协会,中游,上游,空
第一类新闻,固态电池,空,"利元亨,,,国轩高科,,,苏州清陶能源","中游,,,中游,,,中游",空,空,空
第一类新闻,大数据方案,空,众合科技,空,中游,空,空。
第一类新闻,汽车,转向联接器,北京奔驰汽车有限公司,梅赛德斯-奔驰(中国)汽车销售有限公司,中游,下游,空
第一类新闻,物流,空,阿里巴巴国际站,义乌中心仓,中游,下游,空
第一类新闻,智能装备,空,巨一科技,"大众,,,通用,,,奔驰,,,捷豹路虎,,,特斯拉,,,蔚来,,,小鹏,,,理想汽车",空,空,空。
第一类新闻,车联网,空,万通智控,空,上游,下游,空
第一类新闻,新能源,总成配套服务,信质集团,理想,中游,下游,空
第一类新闻,塔筒,华电重工,华电木垒,上游,下游,3.07亿元（含税）,
第一类新闻,光储氢系统,空,海泰新能,清华大学,中游,上游,空
第一类新闻,空,空,视觉中国,百度旗下AI作画平台文心一格,空,空,空
第一类新闻,印染装备制造,空,远信工业,空,中游,空,3356.7万元
第一类新闻,铌酸锂高速调制器,空,光库科技,空,中游,空,空
第一类新闻,中央空调节能控制,空,达实智能,空,中游,下游,空
第一类新闻,Micro OLED,SK海力士,LG Display,中游,中游,空,空。
第一类新闻,云计算,空,拓尔思,阿里云计算有限公司,上游,中游,空
第一类新闻,非车险,空,空,空,空,空,
第一类新闻,钙钛矿,空,帝尔激光公司,空,中游,空,订单金额：空
第一类新闻,储能,空,川环科技,"比亚迪,,,英杰电气,,,西安奇点",中游,空,空
第一类新闻,空,空,孚能科技,Mercedes-Benz AG,下游,上游,空。
第一类新闻,高带宽内存,HBM,SK海力士,三星,供应链位置空,中游,订单金额空
第一类新闻,光伏电池,帝尔,多个头部客户,下游,上游,空,订单金额：空
第一类新闻,公铁合建超短边跨双塔双索面混凝土—钢箱桁混合组合梁斜拉桥,空,空,空,空,空,空
第一类新闻,光伏支架,空,清源科技,北清光伏宝应鲁垛,中游,中游,空
第一类新闻,代表空,国产操作系统和数据库,空,"中国移动各省公司,专业公司",空,下游,空物流订单。
第一类新闻,光伏,微型逆变器,空,海外知名光伏客户,空,空,ODM服务
第一类新闻,集成电路产业,空,滨江区集成电路产业集群,空,中游,空,空
第一类新闻,集成电路产业,空,富阳区集成电路产业集群,空,中游,空,空
第一类新闻,光伏设备,钙钛矿激光类设备,空,光伏头部企业,空,空,空。
第一类新闻,空,晶圆,多家晶圆厂,空,空,空,空
第一类新闻,太阳能光伏设备,空,古鳌科技,比太科技,中游,中游,空。
第一类新闻,汽车,纯电平台智能制造产线,国机汽车,上汽通用五菱汽车,中游,下游,2.68亿元
第一类新闻,智能技术,文心一言,蓝色宇宙,百度,中游,下游,空
第一类新闻,人工智能技术,空,神思电子,服务大厅客户,空,下游,空。
第一类新闻,烟酰胺单核苷酸,空,普利制药,空,上游,下游,空
第一类新闻,体育类培训,空,空,空,中游,空,空
第一类新闻,游戏业务,空,拓维信息,百度,中游,下游,空
第一类新闻,磁性材料,横店东磁,特斯拉,上游,下游,空,空。
第一类新闻,ADAS,空,德赛西威,空,中游,空,空
第一类新闻,空,空,茅台集团,海尔集团,中游,中游,空。
第一类新闻,白酒,空,茅台集团,复星集团,中游,中游,空。
第一类新闻,站台门设备,空,鼎汉技术,北京市轨道交通建设管理有限公司,中游,下游,9350.17万元
第一类新闻,行业云,空,中国稀土集团有限公司,中国移动通信集团有限公司,中游,中游,空
第一类新闻,汽车电子,空,宁波峰梅视讯,宁波华翔,上游,下游,1324万元
第一类新闻,3D内容场景,空,风语筑,百度,中游,中游,空
第一类新闻,光伏,空,"日出东方,,,华能","空,,,空","下游,,,上游",空,100MWp
第一类新闻,空,空,汤臣倍健,美团买药,中游,下游,空
第一类新闻,显示模组,VR Quest2,长信科技,Meta,中游,上游,空。
第一类新闻,PHY芯片,空,裕太微,下游客户,中游,下游,空
第一类新闻,人工智能,空,通富微电,空,中游,空,空
第一类新闻,文本处理,文心一言,百度,空,"TPG中游,,,MEG上游",空,空
第一类新闻,人工智能,文心一言,高途,百度,下游,上游,空
第一类新闻,高速公路,蓉城二绕公司,路桥集团,四川成渝,中游,中游,11.22亿元。
第一类新闻,AMOLED,空,联得装备,京东方,中游,下游,8531.5万元
第一类新闻,水资源配置工程,空,粤水电,空,上游,中游,17.71亿元
第一类新闻,新能源材料,湿法冶炼项目设备,伟明环保,青美邦新能源材料有限公司,上游,下游,4.8亿元。
第一类新闻,"锂离子动力电池,动力润滑油,动力电池回收",龙蟠科技,上汽通用五菱,中游,中游,空,空。
第一类新闻,空,空,双良节能,控股子公司,上游,下游,2.59亿。
第一类新闻,电池,空,宁德时代,福特汽车,中游,上游,空
第一类新闻,空,空,春雪食品,肯德基,中游,上游,空
第一类新闻,AI智能对话,文心一言,东软集团,百度,中游,中游,空
第一类新闻,激光雷达,空,瑞丰光电,客户,中游,下游,空
第一类新闻,钙钛矿电池,空,中信建投,空,上游,空,空
第一类新闻,空,空,中国,厄瓜多尔,中游,中游,空
第一类新闻,多肽药物,未提及,雾芯科技,深圳湾实验室坪山生物医药研发转化中心,空,空,空。
第一类新闻,片式电阻器,空,风华高科,空,中游,空,空
第一类新闻,新能源汽车,空,杭萧钢构（安徽）有限公司,空,中游,空,空。
第一类新闻,数字资产,空,数藏发行平台,中国数字资产交易平台,中游,空,空
第一类新闻,空,空,润和软件,人工智能聊天系统,中游,上游,空
第一类新闻,屏幕,空,京东方,三星,中游,下游,空
第一类新闻,真空泵,空,汉钟精机,"晶盛,,,隆基,,,捷佳,,,高景,,,双良,,,晶科,,,晶澳",下游,中游,空
第一类新闻,重型机械,空,连云港中重重型机械有限责任公司,中信重工,上游,下游,空
第一类新闻,智能家居,文心一言AI,美的集团,百度,中游,上游,空
第一类新闻,智能家居,AI生态,美的集团,百度文心一言,中游,中游,空
第一类新闻,服务器,空,神州数码云科信息技术有限公司,中国联通,中游,下游,"9.54亿元(不含税),,,4.83亿元(不含税)"
第一类新闻,LPG液化气,空,东华能源,宁波优嘉清洁能源供应链有限公司,上游,下游,1.27亿元
第一类新闻,清洁能源,空,东华能源,宁波优嘉清洁能源供应链有限公司,上游,下游,1.27亿元。
第一类新闻,空,浙江久立特材换热单元预制件建设项目,久立特材,久立建设,中游,下游,5480万元
第一类新闻,空,空,东湖高新,子公司,上游,空,3.65亿元。
第一类新闻,电动汽车,塔塔汽车,优步,上游,下游,空,2.5万辆。
第一类新闻,预镀镍材料,东方电热,东山精密,下游,下游,空,空
第一类新闻,人工智能,空,拓维信息,华为,中游,上游,空
第一类新闻,集成电路与模组封测业务,空,高通公司,美光科技,上游,下游,空
第一类新闻,版本更新,ChatGPT,亿联网络,微软Teams,中游,中游,空
第一类新闻,语音智能,ChatGPT,微软,亿联网络,中游,中游,空
第一类新闻,水资源配置工程,空,粤水电,空,中游,空,20.91亿元
第一类新闻,水资源配置工程,空,广东省源天工程有限公司,空,中游,空,16.96亿元
第一类新闻,科技产品,空,广发银行,中兴通讯,中游,下游,空
第一类新闻,空,空,保险机构,蚂蚁保平台,上游,中游,187.5亿元。
第一类新闻,空,空,新致软件,百度文心一言,中游,中游,空
第一类新闻,硅料,空,集邦咨询,空,上游,下游,空
第一类新闻,储能,动力电池,欣旺达,中核汇能,供应链位置未知,下游,空
第一类新闻,空,空,科大国创,空,空,空,空
第一类新闻,空,生成式人工智能,百度,空,上游,下游,空
第一类新闻,座舱产品,第三代智能座舱域控制器、4K高清屏等座舱产品,德赛西威,特定对象（未说明）,中游,下游,空
第一类新闻,生猪,空,京基智农,深圳市场,中游,下游,空。
第一类新闻,就业见习,空,空,空,上游,中游,空
第一类新闻,空,空,空,空,空,权益维护,空
第一类新闻,船艇,128米趸船,江龙船艇,"芜湖文旅,,,芜湖交投","上游,,空","下游,,空",1.13亿元。
第一类新闻,公有云服务,空,贝壳,腾讯云,中游,上游,空
第一类新闻,电子元器件,空,华贸物流,天马微电子,中游,上游,5000万元。
第一类新闻,空,单采血浆,天坛生物,国药集团贵州血液制品有限公司罗甸中生单采血浆站,空,下游,空
第一类新闻,新能源商用车,空,如果科技,空,上游,中游,空
第一类新闻,复合铜箔,空,双星新材,空,中游,空,空
第一类新闻,智慧交通领域,4D毫米波雷达,华设集团,江苏源驶科技,上游,中游,空。
第一类新闻,充电桩,充电模块,空,麦格米特,空,中游,空
第一类新闻,医学检验及病理诊断,空,金域医学,腾讯,中游,中游,空
第一类新闻,集装箱多式联运,空,中国铁物,中铁集装箱运输有限责任公司,中游,中游,空。
第一类新闻,NLP,Transformer,瑞芯微,有道,上游,下游,空
第一类新闻,光伏发电,空,粤水电建筑安装建设有限公司,空,中游,空,98.28亿元。
第一类新闻,材料,空,南方科技大学,豪鹏科技,中游,中游,空
第一类新闻,新能源车型零部件,赛力斯,铭科精技,中游,中游,空,空。
第一类新闻,AR设备,空,立讯精密,苹果,中游,中游,空
第一类新闻,航空测量,空,中海达,大疆,空,空,空
第一类新闻,基因编辑技术,空,莫德纳公司,Life Edit,中游,中游,空
第一类新闻,空,百度文心一言,荣联科技集团,百度智能云,空,下游,空
第一类新闻,空,空,京东物流,康师傅控股有限公司,中游,下游,空
第一类新闻,天然气,空,中国石化天然气有限责任公司,国新能源,上游,下游,空
第一类新闻,钙钛矿,空,"中自科技,,,空,,,空","上游,,空,,空",空,空,空
第一类新闻,跨境电商,空,优壹电商,拼多多,中游,下游,空
第一类新闻,电力,空,宝新能源,广东陆丰甲湖湾电厂,上游,中游,空
第一类新闻,新能源汽车零部件,空,贝斯特,众多知名企业,"中游,,,空",空,空
第一类新闻,建材,瓦线,空,京山轻机,空,空,空
第一类新闻,免热合金材料,空,顺博合金,少数重点客户,中游,空,空。
第一类新闻,文心一言,空,百度,"互联网行业,,,媒体行业,,,金融行业,,,保险行业,,,汽车行业,,,企业软件行业",上游,中游,空
第一类新闻,电机,空,江苏机电公司,"西门子传动技术（上海）公司,中科航空动力（株洲）公司","下游,下游",空,空。
第一类新闻,电子元器件,空,多家晶圆厂商,博通集成,中游,下游,空
第一类新闻,车载毫米波雷达和激光雷达应用产品,空,中京电子,相关客户,中游,下游,空
第一类新闻,储能设备,消防设备,威海广泰,客户,中游,中游,空。
第一类新闻,高效组件,通威,Energy 3000 Solar GmbH,上游,下游,空,1GW
第一类新闻,5G,空,航天发展,空,中游,空,空。
第一类新闻,太阳能电池技术,钙钛矿电池技术,"纤纳光电,,,亚玛顿","中游,,,上游",空,空,空
第一类新闻,空,浸没式液冷技术,网宿科技旗下子公司绿色云图,戴尔科技集团,中游,上游,空
第一类新闻,蓝牙TPMS,空,特斯拉,国内新能源整车厂,中游,中游,空
第一类新闻,生鲜,菜品,空,大商超事业群,空,空,空
第一类新闻,空,空,华贸物流,迈瑞医疗,中游,下游,3000万元。
第一类新闻,空,电竞领域人工智能解决方案,顺网科技,百度文心一言,中游,中游,空
第一类新闻,EGFR×HER3双抗,空,百利天恒,空,上游,中游,空
第一类新闻,建筑与工程,历史文化街区更新设计,上海华建工程建设咨询有限公司,空,中游,空,空。
第一类新闻,空,天线、EMIEMC、无线充电、高性能精密连接器,信维通信,北美大客户,空,空,空
第一类新闻,百万机组,空,江苏国信,射阳港,中游,下游,空
第一类新闻,电子元器件,屏幕,天马微电子,荣耀Magic5,上游,下游,空
第一类新闻,太阳能光伏产业,无银HJT太阳能电池,中国电科2所,安徽阜阳市委,中游,下游,空
第一类新闻,车载毫米波雷达,空,长电科技,空,上游,中游,空
第一类新闻,空,TOPCon激光SE直掺设备,英诺激光公司,TOPCon公司,中游,下游,空
第一类新闻,电力储能,空,南都电源,空,上游,下游,1.39亿元
第一类新闻,光刻工艺,空,三星电子,空,空,下游,空
第一类新闻,渔业水产养殖,空,佛照科技,中国农机院,中游,中游,空
第一类新闻,激光放映系统,RGB,瑞丰光电,万达,上游,下游,空
第一类新闻,混合现实,空,三星电子,Alphabet旗下谷歌,中游,中游,空。
第一类新闻,轨交,空,上海地铁,苏州地铁,中游,中游,空
第一类新闻,新能源汽车废旧电池回收处理,旺能城矿科技有限公司,安徽巡鹰新能源集团有限公司,下游,下游,空,空。
第一类新闻,光伏组件,通威集团,Minlea,上游,中游,空,100MW。
第一类新闻,电池材料,电芯,空,南都电源,空,上游,空
第一类新闻,行业信息化,空,科大国创,京东科技,中游,上游,空
第一类新闻,数字孪生,空,科大国创,北京五一视界,中游,上游,空
第一类新闻,空,百度文心一言,尚美数智科技集团,空,下游,下游,空
第一类新闻,空,空,中国移动,华为,下游,上游,空。
第一类新闻,5G标准,空,荣耀,华为,中游,上游,空
第一类新闻,药物,柏腾®BA9DCB,空,蓝帆医疗,空,空,空
第一类新闻,航空航天,空,中国商飞,北航大,下游,上游,空
第一类新闻,空,空,阿里云,True,中游,中游,空
第一类新闻,能源,核电,浙能电力,中广核,下游,上游,空
第一类新闻,信创产业链,空,空,空,中科曙光产业链位置中游,用友网络产业链位置中游,空
第一类新闻,散货船,空,浙银金融租赁,瑞易联合航运资产管理有限公司,中游,下游,空
第一类新闻,太阳能瓦片玻璃及储能产品,亚玛顿,特斯拉,中游,上游,空,空。
第一类新闻,轨道交通,空,三菱公司,空,中游,空,19.1亿美元。
第一类新闻,边缘计算,空,南天信息,空,上游,中游,空。
第一类新闻,PCB光刻胶,空,广信材料,PCB企业,上游,下游,空
第一类新闻,磁钢,空,横店东磁,部分新能源汽车生产企业,中游,下游,空
第一类新闻,锂矿,锂精粉,李家沟锂矿,雅化集团,下游,中游,空
第一类新闻,磁钢,空,横店东磁,部分新能源汽车生产企业,上游,下游,空
第一类新闻,半导体,空,索尼集团,三星电子,中游,中游,空
第一类新闻,光连接产品及综合布线服务,空,特发信息,"字节,,,百度,,,阿里,,,华为",中游,上游,空
第一类新闻,涂胶显影机,空,芯源微,客户,下游,上游,空
第一类新闻,新能源及电子家电领域,电池壳及盖板、水冷板、型材托盘、板材托盘,空,空,上游,下游,空。
第一类新闻,复合材料,空,"索通发展,,,北摩高科",空,空,空,空。
第一类新闻,空,空,京山轻机,晶澳科技,下游,上游,3.09亿元。
第一类新闻,财务资金,空,冀中能源,河北京冀工贸,中游,上游,空
第一类新闻,光刻胶,空,彤程新材,空,中游,空,空
第一类新闻,6G通信技术,空,中京电子,空,中游,空,空。
第一类新闻,电子商贸直播,空,上海翡翠东方传播(TVBC),淘宝,上游,下游,千万港元。
第一类新闻,晶圆代工,空,"联电,,力积电,,世界先进",空,空,空,空
第一类新闻,毫米波天线,空,武汉凡谷,空,上游,中游,空
第一类新闻,海产品,空,海欣食品,空,中游,空,空
第一类新闻,汽车线束,空,摩恩电气,空,中游,空,空
第一类新闻,发动机,V6发动机,阿尔特,北汽BJ80,中游,上游,空
第一类新闻,空,抗肿瘤新药,睿昂基因,爱渡医疗,下游,中游,空。
第一类新闻,车用芯片,空,欧美IDM业者,空,上游,空,空
第一类新闻,游戏领域,空,世纪华通,空,中游,空,空
第一类新闻,数据中心,空,世纪华通,空,中游,空,空
第一类新闻,半导体光刻胶单体,空,瑞联新材,空,生产商,中游,空
第一类新闻,工程勘察设计,空,深水规院,空,中游,空,10亿元
第一类新闻,供应链,空,京东零售,空,中游,空,空
第一类新闻,黄酒,古越龙山,空,中游,空,空,
第一类新闻,智能网联,空,高新兴,联宝科技,中游,中游,空
第一类新闻,智能网联,空,高新兴,联宝科技,中游,中游,空。
第一类新闻,覆铜板,空,高斯贝尔,空,中游,空,空。
第一类新闻,金融科技,文心一言,百度,凌志软件,上游,中游,空
第一类新闻,基因组育种,空,华中农业大学,空,空,上游,空
第一类新闻,车载端软硬件,空,中海达,"小鹏汽车,,,上汽集团,,,长城汽车,,,一汽红旗",未说明,未说明,空
第一类新闻,眼科,准分子激光气,凯美特气公司,国内某知名眼科医院,下游,上游,空
第一类新闻,疫苗,空,北京科兴,空,下游,空,空
第一类新闻,EPC总承包,空,节能铁汉公司,湖北省黄冈市,中游,下游,1.01亿元。
第一类新闻,自然语言处理,GPT-3,微软Azure,万科,供货公司产业链位置,收货公司产业链位置,空
第一类新闻,光伏发电,空,节能国祯,"亳州南部新区污水厂,,,城南污水厂","上游,,,上游",空,空。
第一类新闻,炼化,空,中国港湾,中国寰球,中游,中游,空。
第一类新闻,液冷系统,浸没式液冷产品,依米康,重要战略客户,"中游,,,下游",上半年,空
第一类新闻,电子纸,空,合力泰,下游终端客户,中游,下游,空
第一类新闻,云计算,空,汇金科技,百度文心一言,中游,中游,空
第一类新闻,空,空,明新旭腾,西门子,中游,上游,空
第一类新闻,矿业,空,上海聚锦归,新余赣锋矿业,中游,下游,3.15亿元
第一类新闻,医疗保健,空,普瑞眼科,空,上游,下游,1.15亿元。
第一类新闻,铁矿石,空,新疆宝地矿业,"新疆八一钢铁公司,,,首钢伊犁钢铁公司,,,甘肃酒钢集团宏兴钢铁公司",产业链位置未知,产业链下游,空
第一类新闻,空,空,华贸物流,三一物流,中游,下游,5000万元。
第一类新闻,橡胶组件,笔式注射器用橡胶组件,空,空,空,空,空
第一类新闻,空,空,软通动力,福建联通,中游,中游,空。
第一类新闻,汽车电子,空,雅创电子,特斯拉,中游,下游,空
第一类新闻,高温气体传感器,四方光电,国内外主机厂,下游,上游,空,
第一类新闻,氧气传感器,四方光电,前装市场,上游,空,空,
第一类新闻,工程检测,空,合诚检测公司,临沧检测公司,中游,中游,空。
第一类新闻,无键键盘,空,苹果公司,空,上游,空,空
第一类新闻,空,空,小米,委员会中层及高层,空,空,空。
第一类新闻,软件,空,万兴科技,空,空,空,空
第一类新闻,核电阀门,空,江苏神通,空,下游,上游,空
第一类新闻,空,空,Archer Aviation,硅谷银行,中游,中游,空。
第一类新闻,地产项目,空,格力地产,空,中游,下游,43.27亿元
第一类新闻,新能源汽车,仪表板横梁,空,空,下游,空,空
第一类新闻,新能源汽车,车身冲焊件、门槛梁和防撞梁等14种汽车零部件,空,空,中游,空,空
第一类新闻,法律服务,空,中国律师事务所,外国律师事务所,中游,中游,空
第一类新闻,跨境综合物流,空,嘉友国际,空,中游,下游,订单金额空
第一类新闻,空,New Bing中的ChatGPT功能,蓝色光标,微软广告,下游,上游,空。
第一类新闻,无线网络,XR业务,中国移动,中兴通讯,中游,中游,空
第一类新闻,连接器壳体,空,长源东谷,某知名新能源汽车客户,下游,上游,空
第一类新闻,储能,空,利元亨,国内知名储能企业,上游,下游,空
第一类新闻,新能源智能装备,空,利元亨,英、法分公司,中游,下游,空
第一类新闻,车载智能座舱产品,闻泰科技,头部智能汽车客户,中游,上游,空,空
第一类新闻,云游戏,空,微软,Boosteroid,中游,中游,空
第一类新闻,注塑机,空,伊之密,客户,中游,下游,空
第一类新闻,逆变器,空,华宝新能,空,上游,中游,空
第一类新闻,通信业务,空,中达安,中国移动通信集团有限公司下的19家分子公司,供应商,下游,3.94亿元
第一类新闻,锂电池,空,宁波方正,鹰潭高新技术产业开发区管理委员会,中游,下游,空
第一类新闻,空,空,宁德时代及其控股子公司,先惠技术,下游,上游,7.09亿元。
第一类新闻,工程机械,空,空,主机厂,上游,中游,空
第一类新闻,复合铜箔,空,三孚新科,空,中游,空,空。
第一类新闻,无人驾驶出租车,日产聆风,文远知行 WeRide,日产出行服务有限公司,空,中游,空
第一类新闻,网络安全,通用安全产品和服务,山石网科,三六零,中游,中游,空
第一类新闻,空,空,辛选集团,海威中心3号楼,供应链中游,空,空。
第一类新闻,空,空,供应商公司名称,小鹏汽车,中游,下游,空。
第一类新闻,网络营销,空,宇禾文化传媒有限公司,亚润进网络科技有限公司,上游,中游,空
第一类新闻,原材料,空,华塑科技,代理,中游,中游,空
第一类新闻,电子元器件,单晶硅片,空,中晶科技,空,空,空
第一类新闻,人工智能,空,竹间智能公司,"中科曙光公司,智谱AI公司","中游,中游",空,空。
第一类新闻,科技服务,空,元隆雅图,百度,中游,中游,空
第一类新闻,网络设备,GreenEngine,中兴通讯,中国移动,中游产业链,下游产业链,空
第一类新闻,半导体,空,三星电子,现代汽车,中游,下游,空
第一类新闻,光引发剂,空,扬帆新材,空,中游,下游,空
第一类新闻,集装箱码头,空,洋浦集装箱码头有限公司,空,中游,空,8000标箱
第一类新闻,工业互联网,空,新元科技,空,下游,空,空。
第一类新闻,空,"底盘系统,车身轻量化,热管理系统,内外饰系统,NVH减震系统",拓普集团,蔚来,中游,中游,空
第一类新闻,轻量化车载新型显示组件,空,伟时电子,空,中游,空,5.9亿元
第一类新闻,智能计算,空,山西阳泉百度智算中心,空,上游,下游,空
第一类新闻,城乡供水,空,甘肃省水利水电勘测设计研究院有限责任公司,阿克塞县生态保护,中游,中游,8419万元。
第一类新闻,电池,钠离子电池,宁德时代,空,中游,空,空
第一类新闻,高效运算（HPC）系统,空,工业富联,ChatGPT,供应链中游,下游,空
第一类新闻,新能源,空,西子洁能,玫克生储能,下游,中游,空。
第一类新闻,语言模型,短文本对话方法,腾讯科技（深圳）有限公司,空,中游,空,空
第一类新闻,功能性器件,空,智动力公司,华为公司,中游,下游,空
第一类新闻,高效运算HPC系统,空,工业富联,ChatGPT,上游,下游,空。
第一类新闻,手机芯片,OLED手机芯片ICNA3512,"集创北方,,,终端客户","中游,,,下游",空,空,空。
第一类新闻,个人小包,空,台湾,福建,上游,下游,空
第一类新闻,无线通信,5G基站收发信主板产品,崇达技术,中兴,中游,上游,空
第一类新闻,农业,猪、鸡、鱼、鸭半成品销售,空,空,上游,下游,空
第一类新闻,智慧交通,空,空,空,上游,中游,空
第一类新闻,光伏,空,隆基绿能,空,上游,空,空
第一类新闻,电子信息设备,空,金智科技,东南大学,中游,下游,3063.95万元
第一类新闻,智能化设备,空,金智科技,江苏高淳经济开发区教育发展中心,中游,下游,3063.95万元
第一类新闻,锂矿,空,华友钴业,空,上游,下游,空
第一类新闻,电线电缆,久盛电气,保利发展控股集团,下游,上游,空,空
第一类新闻,空,空,创业慧康,银川市卫健委,上游,下游,空
第一类新闻,医疗设备,人工智能平台,美敦力,英伟达,中游,中游,空。
第一类新闻,污水处理设备,空,天源环保,江西建工轨道建设有限公司,中游,下游,4500万元。
第一类新闻,中医药,空,博济医药,盘龙药业,中游,上游,空。
第一类新闻,LED光学透镜用高硼硅玻璃,空,力诺特玻,空,上游,中游,空。
第一类新闻,房地产,SenseMARS原境空间,商汤科技,中原地产,中游,下游,空
第一类新闻,风电,空,三一重能,空,中游,空,18500万元和15511.61万元。
第一类新闻,空,空,顺德农商银行,碧桂园服务,下游,上游,空。
第一类新闻,传感器,空,四方光电,欧洲著名主机厂,中游,下游,2.32亿元（含税）
第一类新闻,绿色低碳产业,空,空,空,供应链位置：上游,空,订单金额：空
第一类新闻,抗流感创新药,速福达,罗氏制药中国,华润医药商业集团,中游,下游,空
第一类新闻,预制菜,空,龙大美食,鲁商集团,中游,中游,空。
第一类新闻,空,多维表格,空,飞书,中游,中游,空
第一类新闻,空,荣乌高速烟威改扩建项目,山东路桥公司,空,上游,空,25.43亿元。
第一类新闻,空,人工智能集成,Shopify,谷歌云,中游,中游,空
第一类新闻,终端产品,空,亿联网络,微软,下游,中游,空
第一类新闻,光伏发电,空,华曜新能源,力合环保,中游,下游,630万元
第一类新闻,人工智能,空,东方财富,空,中游,空,空
第一类新闻,柔性AMOLED屏幕,空,"维信诺,,,京东方","上游,,,上游",空,空,空
第一类新闻,数字孪生技术,"虚拟主持人N小黑,N小白",博瑞传播,成都每经传媒有限公司,中游,中游,空
第一类新闻,接入产品,特发信息公司,华为公司,中游,下游,空,空。
第一类新闻,空,空,英飞凌,台达电子,中游,上游,空
第一类新闻,细胞治疗生产工艺,空,星奕昂,东富龙,中游,中游,空
第一类新闻,汽车制造,空,吉利控股集团,江西省,中游,中游,空
第一类新闻,空,ChatGPT技术,焦点科技,OpenAI,中游,空,空
第一类新闻,新能源电池,空,多氟多,"五菱,,,奇瑞,,,广汽","中游公司,,,中游公司,,,中游公司","上游公司,,,上游公司,,,上游公司",50-60亿元。
第一类新闻,手机、平板电脑,空,闻泰科技,三星,中游,上游,4500万部
第一类新闻,空,昌红医疗科技大厦项目,华晟建设,昌红科技,上游,下游,1.7亿元。
第一类新闻,AR/VR可穿戴产品、机器人配件,空,唯科科技,空,中游,中游,空
第一类新闻,芯片,空,飞天诚信,空,上游,下游,空
第一类新闻,人工智能,空,润和软件,空,下游,空,空
第一类新闻,新能源热管理模块,空,富临精工,主要国产自主品牌及主流新势力车企,中游,下游,空
第一类新闻,知识图谱服务,空,软通动力,微软,下游,中游,空
第一类新闻,预制菜,空,唐人神,空,中游,空,空
第一类新闻,特种表面活性剂,空,康普化学,空,上游,中游,空
第一类新闻,集中式架构,空,中亦科技,第三方运维服务商,中游,下游,空
第一类新闻,二氧化碳产品,空,广汇能源,空,上游,空,空
第一类新闻,现金类设备,空,新北洋,中国农业银行,中游,下游,2.27亿元。
第一类新闻,空,空,隆鑫通用,硅谷银行,空,空,空。
第一类新闻,铁矿石,空,中国矿产资源集团,"山东钢铁集团,山东省港口集团","上游,中游","中游,下游",空
第一类新闻,外卖,空,美团,空,上游,空,空
第一类新闻,锂资源,空,赣锋锂业,锡林郭勒盟行政公署,中游,中游,空
第一类新闻,智能驾驶,空,百度公司,贵阳贵安,中游,中游,空
第一类新闻,云服务,文心一言,百度智能云,12万家企业,空,中游,空
第一类新闻,人工智能生成内容,空,光环新网,摩尔线程智能科技（北京）有限责任公司,上游,下游,空
第一类新闻,手机、平板,空,光弘科技,华为,中游,上游,空。
第一类新闻,能源行业,空,云鼎科技,山能集团,中游,下游,空
第一类新闻,空,空,国美,厂商品牌,中游,上游,空
第一类新闻,生物医药,特瑞普利单抗,君实生物,康联达生技,中游,中游,空。
第一类新闻,铜矿,空,迈拓矿业服务(赞比亚)有限公司,赞比亚孔科拉铜业有限公司,中游,下游,1.67亿美元。
第一类新闻,人工智能,空,甲骨文公司,英伟达,中游,下游,空。
第一类新闻,空,空,博世中国,京东集团,中游,中游,空
第一类新闻,AI智能化,空,英博达,微软,中游,上游,空
第一类新闻,铜产业链,空,"必和必拓,,,中国铜业有限公司,,,中色大冶控股有限公司",空,空,空,空
第一类新闻,海绵锆,空,三祥新材,空,上游,下游,空
第一类新闻,钢铁,空,淡水河谷,河钢集团,上游,下游,空
第一类新闻,锆材料,空,三祥新材,宁德时代,中游,上游,空
第一类新闻,农机应用,空,吉峰科技,空,空,下游,空
第一类新闻,新能源汽车用电加热器,空,东方电热,空,上游,中游,空
第一类新闻,空,空,中国五矿,淡水河谷,中游,中游,空
第一类新闻,泛在智能算力服务,空,腾讯云,中国信息通信研究院,上游,下游,空
第一类新闻,空,空,斯伦贝谢中国,空,下游,空,空。
第一类新闻,银行业,空,山西 provinciale 联社,山西农商联合银行,上游,下游,空
第一类新闻,光子产业,空,陕西光电子先导院,创新主体,上游,下游,空
第一类新闻,空,国际创新药,中国生物制药集团,广州开发区管委会,中游,中游,空
第一类新闻,太阳能瓦片,空,亚玛顿,特斯拉,上游,下游,空
第一类新闻,水务工程,城区供水提质增效工程,武汉市水务建设工程有限公司,武汉市给排水工程设计院有限公司,"上游,,,下游",下游,1.7亿元
第一类新闻,处理器技术、显示技术和整机技术,空,英特尔,TCL华星,中游,下游,空
第一类新闻,空,空,广汽集团,华为,中游,中游,空
第一类新闻,空,私募票据,中国奥园,多家境外私募票据持有人,"中游,,,中游,,,中游",买,空
第一类新闻,视频彩铃,空,中国移动咪咕公司,网易,上游,中游,空。
第一类新闻,园林绿化,空,北新路桥,古蔺酱香酒谷产业园区,上游,中游,2.58亿元
第一类新闻,高刷新率显示器面板,空,群智咨询,空,中游,空,订单金额：27.4Mpcs
第一类新闻,碳化硅产品,空,华润微,空,上游,中游,空
第一类新闻,储能,空,易事特,华为,中游,中游,空。
第一类新闻,航空发动机,空,BP,空,上游,空,空
第一类新闻,超声波滚焊机,空,骄成超声,宁德时代,中游,下游,空
第一类新闻,用餐、差旅、打车,空,美团,空,中游,中游,空
第一类新闻,汽车,空,华为,"赛力斯,,,奇瑞,,,江淮",中游,下游,空
第一类新闻,清洁能源装备,空,上海电气电站集团,中煤招标有限责任公司,中游,下游,百亿元。
第一类新闻,汽车,空,赛力斯汽车,华为,中游,上游,空
第一类新闻,DFBP,空,新瀚新材,空,上游,中游,空
第一类新闻,AI算力,空,鑫煜科技,星临科技,中游,中游,"300,000,000"
第一类新闻,空,空,杰创智能,"腾讯,,,网易",下游,空,空
第一类新闻,汽车,空,赛力斯集团,华为,中游,中游,空
第一类新闻,大圆柱电池,亿纬锂能,空,中游,空,空,量产交付。
第一类新闻,空,空,华录集团,中国电子科技集团有限公司,中游,上游,空
第一类新闻,自由贸易,空,上海自贸试验区,海南自贸港,中游,中游,空
第一类新闻,金融信托,空,中海信托,中国信托登记有限责任公司,下游,上游,空
第一类新闻,光伏玻璃,空,陕西拓日新能源科技有限公司,空,下游,空,空
第一类新闻,空,整车需求管理、电子电气生命周期管理平台ELM、计算机辅助设计CAD、计算机辅助分析CAE、基于模型的系统工程MBSE、电子电气E/E、智能网联、数字化制造平台、制造运营管理MOM平台、工业云平台、产品数字孪生、生产数字孪生、运营数字孪生,西门子数字化工业软件,一汽解放汽车有限公司,中游,上游,空
第一类新闻,水环境综合治理项目,空,天源环保公司,"""泸江河及支流（建水段）水环境综合治理项目（一期）勘察设计施工总承包（EPC）""公司",中游,中游,1.31亿元。
第一类新闻,空,空,世茂集团,美元债债权人小组及协调委员会的顾问,空,空,空
第一类新闻,汽车智能座舱,空,魅族,领克汽车销售有限公司,中游,空,空
第一类新闻,AI技术,NLP大模型技术、Diffusion架构技术的多模态大模型技术,润和软件,不确定,中游,空,空。
第一类新闻,AI技术,空,北信源公司,百度,中游,下游,空
第一类新闻,零售业信息系统软件和收银机、自助机等硬件产品,石基信息,武商集团,下游,上游,空,||
第一类新闻,汽车,空,东风,东风风神,上游,中游,11435
第一类新闻,人工智能,空,燧原科技,弘信电子,中游,下游,空。
第一类新闻,盐湖提锂、高盐水资源化利用,离子交换树脂,倍杰特,江苏苏青水处理工程集团有限公司,上游,下游,空
第一类新闻,空,空,力合科技,中国移动,中游,下游,空
第一类新闻,汽车,空,中石化易捷,重庆长安新能源汽车科技有限公司,下游,下游,空。
第一类新闻,汽车,空,中石化易捷,重庆长安新能源汽车科技有限公司,上游,下游,空。
第一类新闻,聚乳酸,海正生材,海诺尔,下游,上游,空,空
第一类新闻,汽车检测业务,空,空,空,空,空,空
第一类新闻,高端电子材料,空,联瑞新材,空,中游,下游,空
第一类新闻,食品,芝士卷,海欣食品,东方甄选直播平台,中游,下游,空
第一类新闻,半导体,空,艾为电子,空,中游,空,空。
第一类新闻,华为及华为云产品,空,英方软件,空,上游,中游,空
第一类新闻,AI科普,空,中信出版,空,上游,空,空
第一类新闻,MicroOLED,空,三星电子,三星显示器,中游,下游,空
第一类新闻,司法业务领域,空,广发银行,"北京华宇信息技术有限公司,,,北京华宇九品科技有限公司","下游,,,下游",空,空
第一类新闻,5G基站设备,空,建采供应链,空,下游,买,3.96亿元。
第一类新闻,车载系统,空,松下,"亚马逊,,,Stellantis",空,空,空
第一类新闻,光刻胶材料,空,瑞联新材,空,下游,空,
第一类新闻,环保,渗滤液、洁净水处理系统,天源环保,商丘环保,中游,下游,3678.32万。
第一类新闻,压力测试膜,空,乐凯新材,京东方,中游,下游,空
第一类新闻,电池,空,宁德时代,现代汽车,中游,下游,10亿美元。
第一类新闻,智能算法,空,天娱数科,空,上游,空,空
第一类新闻,快递物流,空,联邦快递集团,联合包裹,中游,中游,空
第一类新闻,软件,ChatGPT,空,OpenAI,空,中游,空。
第一类新闻,康养服务,空,物产中大集团,绿城中国,中游,中游,空
第一类新闻,空,空,苹果国际运营有限公司,苹果公司,中游,上游,订单金额：693亿美元
第一类新闻,信息安全,空,北信源,华为,中游,中游,空
第一类新闻,高纯太阳能超薄单晶硅片,空,TCL中环,空,中游,空,138亿元
第一类新闻,TOPCon高效太阳能电池,空,TCL中环,空,中游,空,138亿元
第一类新闻,铝,空,云海金属,南京云开合金有限公司,中游,下游,空。
第一类新闻,数字产业,空,奇安信,软通动力,中游,中游,空
第一类新闻,负极材料,空,安徽科达锂电装备有限公司,重庆科达新能源材料有限公司,中游,下游,空。
第一类新闻,污水处理,空,"创业环保,,,中标污水处理厂",空,"上游,,,空",2.72元/吨水,合作期限30年。
第一类新闻,宽禁带半导体碳化硅衬底及外延片,空,合盛硅业,下游器件客户,上游,中游,空
第一类新闻,互动平台,空,超图软件,阿里云,中游,中游,空
第一类新闻,空,空,海南电网公司,中国移动海南公司,下游,中游,空。
第一类新闻,硅碳负极材料,硅宝科技,数家电池厂商,空,空,小批量,空
第一类新闻,半导体光刻胶,空,久日新材,空,上游,中游,空
第一类新闻,28G毫米波有源相控阵天线,空,盛路通信,空,中游,空,空
第一类新闻,空,空,思特奇,中国中小企业协会,中游,下游,空
第一类新闻,工程施工,空,空,空,上游,下游,97.14亿元
第一类新闻,电力,空,长江电力,空,上游,下游,订单金额：空
第一类新闻,MiniLED技术,直显产品,空,芯瑞达,空,空,空
第一类新闻,光业务单元,空,华为,中国联通,中游,下游,空
第一类新闻,火电分散控制系统（DCS）,空,国电南自,非洲厄立特里亚HIRGIGO电厂,中游,下游,空
第一类新闻,电子元器件,MLCC,空,风华高科,空,中游,空。
第一类新闻,碳捕获、利用与封存,空,仕净科技,"济源创新科技集团有限公司,,,河南济源钢铁（集团）有限公司,,,华能沁北发电有限责任公司,,,济源中联水泥有限公司","中游公司,,,中游公司,,,下游公司,,,下游公司",空,空。
第一类新闻,BMS,空,华塑科技,阿里巴巴数据中心,中游,上游,空
第一类新闻,低碳数据中心,空,华为技术有限公司,光环新网,中游,中游,空
第一类新闻,智能光伏储能,空,华为技术有限公司,光环新网,中游,中游,空
第一类新闻,智慧网络,空,华为技术有限公司,光环新网,中游,中游,空
第一类新闻,鲲鹏,空,华为技术有限公司,光环新网,中游,中游,空
第一类新闻,昇腾AI计算产业,空,华为技术有限公司,光环新网,中游,中游,空
第一类新闻,新型云计算业务,空,华为技术有限公司,光环新网,中游,中游,空
第一类新闻,光模块,空,中天科技,关键客户,上游,下游,空
第一类新闻,碳化硅,空,炬光科技,空,上游,空,空
第一类新闻,空,空,洲明科技,微软,中游,中游,空。
第一类新闻,数字资产,拾元立方,积木堂（上海）信息技术有限公司,联合利国数字版权交易平台,中游,下游,空。
第一类新闻,数据中心业务,空,浙大网新,阿里巴巴集团,中游,上游,空。
第一类新闻,锂电,空,埃夫特,空,中游,空,空
第一类新闻,减震器,空,正裕工业,空,下游,空,空。
第一类新闻,B2B工业行业,空,腾采科技,企业微信,中游,上游,空
第一类新闻,小龙虾,"欧厚喜,,,叮咚买菜,,,盱眙县","下游,,,上游,,,中游",空,空,空,空
第一类新闻,空,空,蓝色光标,微软广告,中游,上游,空。
第一类新闻,空,流量购买、产品推广、办公协作,掌趣科技,字节跳动,中游,中游,空
第一类新闻,电子元器件,纳米镀膜技术,菲沃泰,空,中游,空,空。
第一类新闻,云计算,空,阿里云,杭州市,中游,上游,空
第一类新闻,天然气,空,北部湾油田群,广西北海铁山港,上游,下游,空
第一类新闻,GPU算力,空,航锦科技,空,上游,中游,空
第一类新闻,自动驾驶,征程系列芯片产品,地平线,奇瑞汽车,上游,下游,空
第一类新闻,移动芯片,空,英特尔,ARM,中游,上游,空
第一类新闻,电力,空,国网江苏省电力有限公司,空,中游,空,1万亿千瓦时。
第一类新闻,国际货运代理,空,华贸物流,三星数据系统（中国）有限公司深圳分公司,中游,下游,8000万元。
第一类新闻,服务器,空,闻泰科技,空,中游,空,订单金额空。
第一类新闻,IDC算力服务,空,奥飞数据,"阿里,,,腾讯,,,快手,,,360,,,金山",中游,中游,空
第一类新闻,云服务,空,奥飞数据,"阿里,,,腾讯,,,快手,,,360,,,金山",中游,中游,空
第一类新闻,电子元器件,英伟达,中电港,上游,下游,空,空
第一类新闻,空,空,英特尔,中国客户和合作伙伴,上游,下游,空
第一类新闻,数字化服务,钉钉,空,空,中游,空,空
第一类新闻,超大规模算力中心建设,空,昆仑万维,阿里云,空,空,空，订单金额空。
第一类新闻,电子元器件,空,证通电子,中原大数据中心项目[河南人工智能产研创新中心],中游,下游,2.63亿元
第一类新闻,空,淘宝,天猫,中游,中游,空,空
第一类新闻,化工产品,空,隆基绿能,空,上游,中游,空
第一类新闻,空,空,值得买,大模型公司,中游,上游,空。
第一类新闻,数据库,ZnSQL,新炬网络,腾讯云,中游,下游,空
第一类新闻,空,空,欧昊电力公司,广东中梁,中游,中游,2.18亿元。
第一类新闻,干线物流货运,空,滴滴自动驾驶,空,中游,中游,1亿元
第一类新闻,光模块,空,四川华拓,"Tier 1设备商客户,,,国内头部互联网公司",生产商,买,空
第一类新闻,新能源汽车,无人驾驶新能源网约车,新能源整车企业,滴滴自动驾驶,供应链位置为空,下游,订单金额为空。
第一类新闻,汽车激光雷达视窗,视窗片,空,多家头部激光雷达客户,水晶光电,上游,空
第一类新闻,光模块,空,东田微,"广东瑞谷,,,中科光芯,,,储翰科技",上游,下游,空
第一类新闻,医疗,AI大模型,创业慧康,"浙大计算机创新技术研究院,浙江省智慧医疗创新中心","中游,下游",下游,空
第一类新闻,云计算,空,盛天网络,空,上游,空,空
第一类新闻,空,招标咨询,甘肃省招标咨询集团,西安建设工程交易中心有限公司,空,空,空
第一类新闻,新能源汽车,空,上汽集团,空,中游,空,空
第一类新闻,种业,空,蒙草生态,新疆国兴农业发展集团有限公司,下游,下游,空
第一类新闻,空,新能源汽车,宁德时代,58同城,中游,中游,空
第一类新闻,网络传输产品,GreenPHY,北京君正,客户,空,下游,空
第一类新闻,锂离子电池负极材料,空,国轩高科,空,上游,中游,空
第一类新闻,信息技术服务,文心一言,软通动力,百度,中游,中游,空。
第一类新闻,半导体产业链,空,"北方华创,,,拓荆科技",空,上游,上游,空。
第一类新闻,工矿业智能装备与系统,TDS产品,空,空,空,煤炭和矸石分离,空
第一类新闻,智能汽车,征程系列芯片,科博达,地平线,下游,中游,空。
第一类新闻,动力电池,空,多家国企,空,上游,中游,空
第一类新闻,车载操作系统科技,空,智己汽车,斑马智行,下游,中游,空
第一类新闻,天然气,空,中国海油,空,上游,中游,空
第一类新闻,新能源产业,空,山东能源集团,水发集团,中游,中游,16亿元
第一类新闻,车载操作系统,空,智己汽车,斑马智行,中游,中游,空
第一类新闻,电池级氢氧化锂,伟能锂业,天华新能,中游,下游,空,订单金额：空
第一类新闻,人工智能,空,百家云,空,下游,空,空
第一类新闻,智能座舱,空,腾讯,空,中游,空,空
第一类新闻,动力总成,DriveONE新一代超融合黄金动力平台,华为,空,上游,空,空
第一类新闻,高纯氢,空,广州石化公司,粤港澳大湾区,上游,下游,订单金额：空
第一类新闻,风电,GW221-7.8MW-HH160m钢混塔筒,空,"昌图润航,,,昌图润荣",空,"下游,,,下游",62912万元
第一类新闻,食品零售,空,中百集团,"多点,,,美团,,,饿了么,,,京东到家",空,"下游,,,下游,,,下游,,,下游",空。
第一类新闻,大屏显示,Micro LED,空,利亚德,中游,空,空
第一类新闻,空,空,神州新桥科技,沈阳人工智能计算中心,中游,下游,5.138亿元
第一类新闻,光电子元件,空,宝馨科技,连云港宝馨光电科技有限公司,中游,下游,空。
第一类新闻,有创呼吸机用音圈电机,鼎智科技,迈瑞医疗,空,空,空,空，订单金额空。
第一类新闻,光伏组件,至尊670W系列超高功率组件,天合光能,空,上游,中游,空
第一类新闻,兽用生物制品,mRNA平台技术,申联生物,科锐迈德,中游,上游,3000万元
第一类新闻,洗碗机,空,深康佳A,空,下游,下游,空
第一类新闻,智能电动车,空,理想汽车,空,上游,空,空
第一类新闻,空,空,奥比中光,海外子公司,中游,下游,空
第一类新闻,汽车智能化,空,北汽集团,华为,中游,中游,空
第一类新闻,电力,空,国网浙江省电力有限公司,国网丽水供电公司,中游,下游,空。
第一类新闻,智能驾驶芯片,空,地平线,"比亚迪,,,采埃孚",中游,|年内,
第一类新闻,医疗耗材及试剂,SPD精益化服务项目,塞力医疗,重庆璧山区中医院,空,空,空
第一类新闻,汽车智能制造装备,空,华昌达公司,华工科技,上游,下游,空。
第一类新闻,空,空,哈啰打车公司,"高德支付宝小程序,,,百度地图,,,美团",空,空,空
第一类新闻,垂直客梯,远大博林特电梯,宝能集团,下游,下游,空,约定的订单金额未在新闻中提及。
第一类新闻,高性能合金材料,空,博威合金,"特斯拉,,,蔚来,,,理想","中游,,,中游,,,中游",空,空
第一类新闻,人工智能计算,空,北京神州新桥科技有限公司,空,中游,空,5.14亿元
第一类新闻,医疗器械,每通20K,国药控股,雅培制药,中游,下游,空
第一类新闻,L2辅助驾驶的智驾软件,禾多科技,东风风神,中游,下游,空,
第一类新闻,ArF光刻胶,南大光电,下游客户,上游,下游,空,空。
第一类新闻,5G通讯,波长选择器（WSS）硅基液晶器件,秋田微,空,上游,空,空。
第一类新闻,光伏用钨丝,空,厦门钨业,空,上游,中游,订单金额：空
第一类新闻,数据中心设备,空,证通电子,中原大数据中心项目,中游,下游,2.63亿元
第一类新闻,汽车零部件,压力传感器,华工科技,头部汽车企业,中游,上游,批量化订单
第一类新闻,空,大飞机项目,航天电子,空,中游,空,空
第一类新闻,锂电池,空,宁德时代,空,上游,空,空
第一类新闻,煤粉锅炉,上海电气电站集团,胡杨河市锦焱热力有限公司,中游,下游,30万,
第一类新闻,煤粉锅炉,上海电气电站集团,内蒙古能源集团准大电厂,中游,下游,100万,
第一类新闻,智算中心,空,中兴通讯,空,上游,下游,空
第一类新闻,PCB设计-制板-物料供应-焊接组装,空,一博科技公司,珠海邑升顺,上游,下游,9789.50万元
第一类新闻,半导体,空,ARM,制造合作伙伴,中游,中游,空
第一类新闻,光电元器件,空,大立科技,空,中游,空,空
第一类新闻,文化娱乐,IP一体化开发,智源研究院,中文在线,中游,中游,空
第一类新闻,短交通,空,京东,九号,中游,下游,100亿
第一类新闻,水轮发电机组,空,浙富控股,重庆白马航运发展有限公司,上游,中游,2.379亿元
第一类新闻,医疗,空,科大讯飞,空,上游,空,空
第一类新闻,差别化氨纶,空,华峰化学,重庆氨纶建设,中游,下游,空。
第一类新闻,数据中心交换机,CloudEngine 16800-X,华为,金融,空,中游,空。
第一类新闻,原材料,空,空,空,上游,中游,41.1亿元
第一类新闻,地图数据,空,腾讯地图,Unity中国,中游,下游,空
第一类新闻,车载AI芯片,空,地平线,大众集团,中游,上游,空
第一类新闻,空,空,睿智医药,上海合碳医药科技有限责任公司,空,空,空。
第一类新闻,AI,空,携程集团,亚马逊云科技,中游,中游,空
第一类新闻,轮胎,Ventus S1 evo3 ev,韩泰轮胎,零跑汽车,中游,下游,空
第一类新闻,空,空,致远互联,知乎,中游,下游,空
第一类新闻,区块链,空,蚂蚁集团,空,中游,空,空
第一类新闻,芯片,空,慧博云通,华为海思,中游,上游,空
第一类新闻,空,大语言模型,中科创达,亚马逊云科技,空,空,空
第一类新闻,高精度定位服务,空,中国移动,广和通,上游,下游,空。
第一类新闻,制氢设备,空,科力远,空,中游,空,空
第一类新闻,综合金融业务,空,中国移动,中信集团,中游产业链,中游产业链,空
第一类新闻,通信服务和信息化解决方案,空,中国移动,中信集团,中游产业链,中游产业链,空
第一类新闻,“连接+算力+能力”新型信息服务体系行业赋能,空,中国移动,中信集团,中游产业链,中游产业链,空
第一类新闻,用户、渠道与营销领域方面的优势互惠互补,空,中国移动,中信集团,中游产业链,中游产业链,空
第一类新闻,空,空,东华软件,腾讯云计算（北京）有限责任公司,中游,下游,空
第一类新闻,磷酸铁锂正极材料,比亚迪智利分公司,智利生产促进委员会（CORFO）,上游,中游,空,
第一类新闻,数字化服务,空,阿里云,"昆仑数智,,,朗新科技,,,千方科技,,,中金财富,,,石基集团,,,用友网络,,,亚信科技",空,空,空。
第一类新闻,半导体材料,空,江苏三晶半导体材料有限公司,中芯国际,中游,下游,空
第一类新闻,空,空,中信出版,平行出版实验室,空,空,空
第一类新闻,汽车,空,万达汽车,高合汽车,中游,上游,空
第一类新闻,锂电负极胶,空,回天新材,多家客户,上游,下游,空
第一类新闻,空,空,空,空,上游,空,21412亿元。
第一类新闻,汽车零部件,感应传感器接口集成电路,安森美,海拉,上游,下游,空。
第一类新闻,等速驱动轴,空,远东传动,"上汽通用五菱新能源汽车,,,江铃雷诺新能源汽车",中游,下游,空。
第一类新闻,空,新型显示与光制造,海目星,华南师范大学,中游,中游,空
第一类新闻,空,空,华星创业,中国移动,上游,下游,1.67亿元
第一类新闻,电力,空,"国网四川省电力公司分公司国网凉山供电公司,,,国网广元供电公司,,,国网四川省电力公司控股子公司国网四川电动汽车服务有限公司",空,空,空,空
第一类新闻,农村环境长效管护项目,中国天楹,空,空,中游,空,8605.98万元
第一类新闻,通信单元产品,空,西力科技,国网四川省电力公司，国网安徽省电力有限公司，国网陕西省电力有限公司，国网湖南省电力有限公司,中游，中游，中游，中游,上游，上游，上游，上游,6000万元
第一类新闻,电能计量箱产品,空,浙江西力智能科技有限公司,国网山东省电力公司，国网黑龙江省电力有限公司，国网浙江省电力有限公司,中游，中游，中游,上游，上游，上游,4100万元
第一类新闻,医疗器械,空,合富中国,空,下游,空,空
第一类新闻,3C消费电子型材,空,创新新材,空,中游,空,13.67亿元。
第一类新闻,石油,空,泰山石油,岱岳新城资产运营有限公司,上游,下游,空
第一类新闻,AI,空,英特尔,波士顿咨询公司,上游,下游,空
第一类新闻,空,空,凌玮科技,成都展联,空,下游,空
第一类新闻,空,空,现代汽车,特斯拉,中游,上游,空
第一类新闻,数据安全,空,普华永道,奇安信,中游,下游,空
第一类新闻,药品,DKX-DDCI-01L05项目,博济医药,重庆迪康尔乐制药有限公司,中游,下游,5350万元。
第一类新闻,半导体,模拟平台,阿斯麦,VMS Solutions,中游,中游,空
第一类新闻,建筑工程,EPC工程总承包,空,西安航天基地西曹村、兆寨村、中兆村安置小区项目（二期）II标段EPC总承包,空,空,2023年7月
第一类新闻,锂电池,空,江西赣锋锂电科技股份有限公司,土默特左旗人民政府,中游,下游,不超过60亿元人民币
第一类新闻,建筑及市政公用工程,空,宏景科技,北京建工集团（广州）建设有限公司,空,空,空
第一类新闻,药品,NHKC-1,"阳光诺和,,,昂利康","中游,,,下游",上游,空,空
第一类新闻,盐化工,空,"山东海化,,,空,,,空",上游,中游,空,9亿元
第一类新闻,电子元器件,空,超捷股份,特斯拉,中游,上游,空
第一类新闻,环保,城污水管网改造建设项目工程总承包合同,中联宏信勘察设计有限公司,武定县城市建设开发投资有限公司,中游,下游,贰亿伍佰捌拾陆万伍仟捌佰捌拾陆元整。
第一类新闻,综合能源,空,联美控股,中山市翠亨新区,上游,下游,空
第一类新闻,锂电池,空,威马汽车集团有限公司,中国诚通生态有限公司,中游,中游,空。
第一类新闻,建筑工程,空,龙元建设,中标中国（宁波）跨境贸易数智枢纽港项目（二期）,下游,中游,3.85亿元。
第一类新闻,光伏发电,空,天津粤水电能源有限公司,天津市腾源畜牧养殖有限公司,中游,下游,7757.39万元。
第一类新闻,液冷技术,整机柜产品,空,神州数码,空,空,空
第一类新闻,风力发电,空,粤水电公司,云南省大理白族自治州云龙县人民政府,中游,下游,空
第一类新闻,空,空,比亚迪,AI和元宇宙公司MeetKai,中游,中游,订单金额空
第一类新闻,海上风电,海缆,中标公司：东方电缆,收货公司：广西防城港海上风电示范项目A场址、华能岱山1号海上风电项目、三峡能源山东分公司牟平BDB6#一期,供货公司产业链位置：中游,收货公司产业链位置：下游,订单金额：7.24亿元。
第一类新闻,政府行业信息化建设,空,普元信息,浪潮科技,下游,上游,空
第一类新闻,电池隔膜,SKIET,欣旺达,中游,下游,空,空。
第一类新闻,交通运输,私家车,香港特区政府,粤港政府,下游,中游,空
第一类新闻,光伏发电,空,华光环保能源（西安）设计研究院有限公司,峨山鑫能光伏发电有限公司,中游,下游,5.36亿元。
第一类新闻,建设,空,上海市浦东新区建设（集团）有限公司,上海浦东路桥（集团）有限公司,中游,中游,166057.7467万元。
第一类新闻,资本项目,空,安瑟顾问公司,埃森哲,中游,中游,空
第一类新闻,IGBT模块,空,天龙股份,翠展微电子,上游,下游,空
第一类新闻,电气化产品和工业自动化系统,NACS连接器,ABB集团,特斯拉,上游,下游,空
第一类新闻,石化,乙烯装置,中国寰球工程有限公司,中国石油天然气股份有限公司广西石化分公司,中游,下游,46.58亿元人民币。
第一类新闻,电缆,空,Blink,特斯拉,中游,中游,空
第一类新闻,流感疫苗,空,百克生物,空,供应商,下游,空
第一类新闻,空,空,网易智企,电魂网络,中游,中游,空
第一类新闻,新一代网络与信息基础设施,空,中国移动通信集团有限公司,天津市政府,中游,下游,空
第一类新闻,数字政府建设,空,中国移动通信集团有限公司,天津市政府,中游,下游,空
第一类新闻,5G技术,空,中国移动通信集团有限公司,天津市政府,中游,下游,空
第一类新闻,智慧城市,空,中国移动通信集团有限公司,天津市政府,中游,下游,空
第一类新闻,智能制造,空,中国移动通信集团有限公司,天津市政府,中游,下游,空
第一类新闻,数智化服务,空,中国移动通信集团有限公司,天津市政府,中游,下游,空
第一类新闻,电动汽车电池,空,松下,斯巴鲁,中游,中游,空
第一类新闻,数字广告,空,PubMatic,爱奇艺国际版,上游,下游,空
第一类新闻,服务器,鹏霄一体机,东华软件,空,下游,空,空
第一类新闻,任务设备,空,星网宇达,空,下游,中游,3.18亿元
第一类新闻,电力,特高压直流工程线路可研及勘察设计包5,永福股份,空,上游,中游,2726万元
第一类新闻,屏蔽门系统,空,方大智源科技股份有限公司,"新加坡地铁CRL152项目,,,苏州市轨道交通8号线,,,西安市地铁15号线一期","中游,,,中游,,,中游","下游,,,下游,,,下游",6.18亿元
第一类新闻,数控机床,空,宇环数控,捷普成都,中游,下游,1.46亿元。
第一类新闻,功能糖产品,空,保龄宝,可口可乐,中游,下游,空
第一类新闻,生态产业链,空,熵基科技,空,上游,空,4800万元
第一类新闻,能源,空,埃克森美孚,阿里云,中游,中游,空
第一类新闻,电子元器件,英特尔芯片,空,德国财长,英特尔,空,空。
第一类新闻,液化天然气,阿曼液化天然气公司,"壳牌国际中东公司,OQ贸易","上游,中游",空,150万吨,
第一类新闻,芯片,空,塔塔汽车,捷豹路虎,中游,下游,空
第一类新闻,液化天然气,空,新加坡公司,卡塔尔公司,下游,上游,空
第一类新闻,空,空,商家,平台,上游,中游,空
第一类新闻,航空器零部件,中机身壁板组件装配生产线,浙江华瑞航空制造有限公司,空,中游,下游,1.23亿元。
第一类新闻,OLED显示系统,空,三星显示,现代汽车,上游,中游,空。
第一类新闻,三元前驱体,芳源股份,盟固利,中游,下游,空,5000-10000吨
第一类新闻,咖啡,空,佳禾食品,空,中游,空,空
第一类新闻,新能源产业,空,国网山东省电力公司泰安供电公司,中国石化山东泰山石油股份有限公司,中游,下游,空。
第一类新闻,城乡环卫,空,中国天楹,空,中游,下游,3116.88万元/年
第一类新闻,智能汽车第三代E/E架构,空,欧冶半导体,AutoCore,供应链位置未确定,供应链位置未确定,空
第一类新闻,空,空,路桥集团,四川西香高速建设开发有限公司,下游,中游,324.08亿元。
第一类新闻,新能源35kV箱式变压器框架,三星医疗,华电集团,空,下游,上游,4.77亿元。
第一类新闻,半导体材料,光刻胶,空,"中芯国际,,,华虹集团,,,长江存储,,,长鑫存储",空,空,空
第一类新闻,空,空,中伟股份全资子公司,POSCO Future M,中游,下游,空
第一类新闻,空,空,沙钢集团,SEW中国公司,中游,下游,空
第一类新闻,车用照明,VC1汽车尾灯发光板,得邦车用照明,马瑞利汽车照明系统（芜湖）,下游,上游,1.8亿元
第一类新闻,网络服务,空,宜通世纪,中国移动通信集团,中游,下游,12.8亿元。
第一类新闻,锂电池,标的土地,亿纬锂能,PKL,中游,上游,1.64亿令吉
第一类新闻,空,空,加拿大最大的养老基金,对冲基金初创企业,上游,下游,空。
第一类新闻,生产准备物资,吸附剂、惰性填料,蓝晓科技,国投罗钾公司,中游,下游,6222万元
第一类新闻,高纯氮气,空,蜀道装备公,四川蜀能矿产有限责任公司,中游,中游,560.18万元。
第一类新闻,基因测序和芯片解决方案,空,因美纳,红杉中国,中游,中游,空
第一类新闻,空,空,宁德时代,福特公司,中游,中游,空
第一类新闻,微特电机,空,贵州航天林泉电机有限公司,空,中游,空,2.75亿元。
第一类新闻,创新传感器方案,空,荣耀,汇顶科技,中游,下游,空。
第一类新闻,NAND闪存,空,三星电子,空,上游,空,空
第一类新闻,电子控制单元,空,富士康,特斯拉,中游,下游,空。订单金额为：空。
第一类新闻,空,空,山东招金金银精炼有限公司,杭州海康威视数字技术股份有限公司,下游,中游,空
第一类新闻,芯片,空,AMD,空,中游,空,空。
第一类新闻,铝系锂吸附剂材料,空,麻米措矿业,久吾高科全资子公司西藏久吾,下游,上游,8792万元
第一类新闻,钢铁,空,力拓集团,中国宝武钢铁集团有限公司,中游,上游,空
第一类新闻,储能液冷机组,江淮松芝空调有限公司,阳光电源股份有限公司,下游,上游,空,40kW。
第一类新闻,新能源管路,某国内高端新能源品牌,山东美晨工业集团有限公司,空,下游,空,1.1亿元。
第一类新闻,机器视觉,空,高德红外,知名机器视觉相关企业,"上游,中游","中游,下游",空
第一类新闻,等速驱动轴,空,万向钱潮,特斯拉,中游,下游,空
第一类新闻,风电,空,甘肃能源,空,上游,下游,空
第一类新闻,辅料,SNAC,空,普利制药,空,中游,空
第一类新闻,人造板,空,正源股份,空,中游,空,空
第一类新闻,空,空,金海通,空,上游,空,500万美元。
第一类新闻,智能机器人,RV/谐波减速器轴承项目,光洋股份,客户公司,中游,下游,空
第一类新闻,BIPV玻璃,空,秀强股份,"隆基,,,晶科,,,东方日升,,,海螺水泥,,,天合,,,嘉盛",空,空,空
第一类新闻,智能机器人RV/谐波减速器轴承,空,光洋股份,空,下游,中游,空
第一类新闻,空,空,Recursion Pharmaceuticals,英伟达,中游,上游,5000万美元。
第一类新闻,水泥,空,冀东水泥,雄安新区,中游,下游,500万吨。
第一类新闻,空,东数西算生态合作伙伴,科华数据,中国联通宁夏分公司,下游,下游,空
第一类新闻,空,空,中国地震局地球物理研究所,阿里云,中游,中游,空。
第一类新闻,空,空,亚洲基础设施投资银行,世界银行,中游,中游,1亿美元。
第一类新闻,电源系统,空,歌尔股份,空,上游,中游,空
第一类新闻,空,安全巡查或质量安全评估,深圳瑞捷,"深圳市水务集团,,,福州水务,,,粤海水务,,,深圳市水务质安站,,,罗湖水务局","中游,,,中游,,,中游,,,中游,,,中游",空,空
第一类新闻,发动机,航天科技集团六院,长征七号运载火箭,上游,上游,空，订单金额空,
第一类新闻,高阻隔透明背板,空,回天新材,标杆客户,下游,中游,空
第一类新闻,印制电路板,空,生益电子,空,上游,下游,1亿美元。
第一类新闻,印制电路板,空,生益电子,空,上游,下游,1亿美元。
第一类新闻,生态治理,空,宁波市政工程建设集团股份有限公司,北京建工环境修复股份有限公司,中游,下游,2.39亿元
第一类新闻,食品,空,英国政府,空,中游,空,空
第一类新闻,药品,司美格鲁肽,金凯生科,空,中游,空,空。
第一类新闻,钢铁,空,中国宝武钢铁集团,劳力士,中游,下游,空
第一类新闻,光器件,800G光模块,空,天孚通信,空,中游,空
第一类新闻,晶圆,N3E,空,"高通,,,联发科",空,"中游,,,中游",订单金额：空
第一类新闻,特高压项目,空,永福股份,空,中游,上游,2893万元
第一类新闻,银行业,空,瑞士信贷,瑞银集团,下游,上游,空
第一类新闻,内容安全,空,东方通公司,中国电信股份有限公司湖南分公司,中游,下游,空。
第一类新闻,环保,空,顺控环境投资有限公司,"北京京城环保股份有限公司,,,天津首诚环保科技合伙企业（有限合伙）",中游,中游,空。
第一类新闻,激光雷达,空,禾赛科技,英伟达,中游,下游,空
第一类新闻,空,发动机锻件和铸件,空,波音,中游,空,空
第一类新闻,慈善,空,空,100家慈善组织,空,空,空
第一类新闻,垃圾处理,垃圾渗滤液、洁净水处理系统运维服务,天源环保,商丘中电环保发电有限公司,中游,下游,1226.11万元。
第一类新闻,休闲食品,湘卤风味休闲食品智能生产项目,劲仔食品公司,湖南咚咚,中游,下游,空
第一类新闻,食品,湘卤风味休闲食品智能生产项目,湖南咚咚,平江县人民政府,中游,下游,空
第一类新闻,配网设备,空,苏州科陆东自电气有限公司,南方电网公司,中游,下游,1.22亿元。
第一类新闻,建筑业,空,建泰建设,华发,中游,下游,6.07亿元。
第一类新闻,云服务,空,推特,Google Cloud,下游,上游,空
第一类新闻,光伏,空,深圳港集团,深圳能源集团,下游,中游,空。
第一类新闻,建筑业,华发北围 45-46T 项目,维业股份全资子公司,华发,下游,上游,6.1亿元。
第一类新闻,空,文心一言,百度,空,中游,空,空。
第一类新闻,水泥,空,中国铁物,天山股份,中游,下游,空
第一类新闻,游戏行业,空,智度股份,华为云,中游,上游,空
第一类新闻,空,空,华昌达公司,"特斯拉公司,,,比亚迪公司",空,空,空
第一类新闻,土壤修复,空,建工修复,灌云县燕尾港工业园区,中游,下游,9263万元
第一类新闻,天然气,空,俄罗斯天然气工业股份公司,亚美尼亚,上游,下游,空
第一类新闻,外协件,空,上海元通座椅系统有限公司,公司,中游,中游,641.04万元。
第一类新闻,生物制药,空,河北开放大学,华药集团,中游,上游,空
第一类新闻,散货船,恒力造船（大连）有限公司,海易公司,下游,上游,空,10艘8.2万吨，订单金额未知。
第一类新闻,新能源车产业链,宁德时代,"施罗德国际精选基金中国A,,,施罗德国际精选基金大中华A,,,施罗德国际精选基金中国机遇","下游,,,下游,,,下游","上游,,,上游,,,上游",空,增持80%。每只基金持有宁德时代的总股数不确定，因此订单金额不确定。
第一类新闻,空,空,深圳瑞捷,中国移动信息港中心,下游,下游,空
第一类新闻,虚拟现实VR弹幕,空,华为技术有限公司,空,下游,中游,空
第一类新闻,芯片,Deep Edge10,云天励飞,相关合作方,上游,中游,空
第一类新闻,空,空,罗博特科,阿特斯集团,中游,下游,1.53亿元。
第一类新闻,农村水系综合整治项目,空,中交第二航务工程局有限公司，长江勘测规划设计研究有限责任公司,鄂州市梁子湖区城市建设投资有限公司,中游，牵头人,下游,5.26亿元。
第一类新闻,光伏电池,ABC组件,爱旭股份,LIBRA,中游,下游,订单金额：空
第一类新闻,原油,空,伊拉克,黎巴嫩,上游,下游,200万桶。
第一类新闻,谷歌云服务,空,推特公司,谷歌云服务,上游,下游,空。
第一类新闻,风力发电,空,东南粤水电投资有限公司,云南省丽江市人民政府,中游,政府,约90亿元。
第一类新闻,计算产业,空,电科网安,华为,下游,中游,空
第一类新闻,空,空,积成电子,国网福建省电力有限公司,上游,下游,"6,212.243万元"
第一类新闻,新能源,光储充换场站,金冠股份,俄罗斯联邦工商会中东代表处,上游,中游,14亿元。
第一类新闻,稀土,空,中国稀土集团,四川省自然资源投资集团,中游,下游,空
第一类新闻,AI设计创新,空,杰恩设计,哈工大（深圳）,中游,中游,空
第一类新闻,铜冶炼,空,中色印尼公司,十五冶印尼公司,下游,下游,1.05亿美元。
第一类新闻,网络综合代维服务,空,长实通信,中国移动,中游,下游,19.81亿元。
第一类新闻,车用照明,S311车大灯ECU,浙江得邦车用照明有限公司,湖北华中马瑞利汽车照明有限公司,中游,下游,8100万元人民币
第一类新闻,电动重型卡车,空,南方电网,空,上游,下游,空
第一类新闻,能源,空,华电国际,空,上游,空,空。
第一类新闻,语言翻译,空,谷歌,Bard,中游,中游,空
第一类新闻,空,政府行业数据平台,榕基软件,数梦工场,中游,中游,空
第一类新闻,空,空,江苏新能,"新誉集团有限公司,,,中广核风电有限公司",下游,上游,29.29亿元
第一类新闻,数字经济,空,恺英网络,空,中游,空,8亿元
第一类新闻,数码墨水,空,安诺其,空,上游,中游,空
第一类新闻,园林景观,海淀区南旱河滨水慢行景观提升工程,乾景园林公司,北京金河水务建设集团有限公司,中游,下游,9438.67万元人民币
第一类新闻,新能源,空,润海新能源有限公司,TÜV南德意志集团,中游,中游,空
第一类新闻,空,空,中国中元国际工程有限公司,深圳机场南航基地,空,下游,3820万人民币
第一类新闻,辅料,SNAC,普利制药,客户,中游,下游,空
第一类新闻,建筑业,空,宁波建工,空,中游,下游,4.85亿元。
第一类新闻,新能源,太阳能电池、储能变流器及储能系统集成,空,天宸股份,空,空,116亿元。
第一类新闻,手机、平板、可穿戴设备,空,凌云光,空,下游,上游,空
第一类新闻,超声波滚焊机,空,骄成超声,宁德时代,上游,下游,空
第一类新闻,锂,空,沙特公司,宝马,中游,下游,空。
第一类新闻,科技创新,空,社保基金会,空,上游,中游,空
第一类新闻,白酒,"酱香型白酒,清香型白酒",深圳市怡亚通酒业有限公司,山西怡亚通秘造供应链有限公司,中游,下游,空
第一类新闻,空,联合安全解决方案,阿里云,IBM,空,空,空。
第一类新闻,热工装备,空,天鸟高新,空,中游,空,订单金额：空。
第一类新闻,空,空,浙江东南网架股份有限公司,中国联合工程有限公司,下游,中游,空
第一类新闻,空,空,电光科技,华为,中游,中游,空
第一类新闻,汽车和手机生态,空,极星汽车中国公司,星纪魅族,中游,下游,空
第一类新闻,机械设备,振动筛、给料机、破碎机、PC构件等系列产品,威领股份,"鞍山鞍重,辽宁鞍重","中游,中游",空,3000万元
第一类新闻,建筑材料,厂外补给水管道材料,东宏股份,博兴公司,下游,下游,1.19亿元
第一类新闻,海上风电,空,大烨智能,海上风电安装业主单位、风机供应商及施工总包单位,中游,下游,8.54亿元
第一类新闻,重结晶碳化硅,空,扬州力泰新材料科技有限公司,凯龙高科,下游,上游,4500万元
第一类新闻,制鞋,空,苏美达所属技术公司,意尔康股份有限公司,中游,下游,空
第一类新闻,空,空,岚图汽车,"中国工商银行,,,中国银行,,,中国农业银行,,,交通银行,,,中信银行,,,招商银行",空,空,150亿元。
第一类新闻,矿石轨道车,空,Gemco Rail,力拓,中游,下游,1.5亿澳元。
第一类新闻,车险分期,空,普洛斯产融科技,联合保险公司等金融机构,上游,下游,"2.14亿元,,,"
第一类新闻,电池,空,亿纬锂能,Powin,中游,下游,10GWh。
第一类新闻,智慧能源,储能系统设备,金盘科技,厦门东源新能源科技有限公司,中游,下游,"10,870万元。"
第一类新闻,乘用车,"汉EV, 元PLUS EV, 海豚",比亚迪,Andor,中游,空,空
第一类新闻,电子元器件,空,公司名称: 英伟达,公司名称: 首都在线,产业链位置: 上游,产业链位置: 下游,订单金额: 空
第一类新闻,旅游,空,凯撒世嘉控股集团,农商银行发展联合会,下游,上游,空
第一类新闻,能源类,空,壳牌,空,上游,空,130亿美元。
第一类新闻,空,空,陕西建工控股集团有限公司,陕西建工,上游,中游,空
第一类新闻,数据,空,恒丰银行,上海数交所,中游,中游,空
第一类新闻,空,空,国电南自,国网河南,上游,下游,空
第一类新闻,房地产,空,美力科技,新昌县七星街道办事处,中游,中游,1.17亿元
第一类新闻,外汇,空,土耳其央行,私人银行,中游,中游,空
第一类新闻,数字经济,空,中国移动通信集团有限公司,青海省政府,上游,下游,空
第一类新闻,汽车,"汉EV, 元PLUS EV, 海豚",比亚迪,Andor,上游,下游,空
第一类新闻,污水处理,定远污水处理厂项目,中工环境科技有限公司,空,下游,空,空
第一类新闻,新材料,空,江苏海四达电源有限公司,光莆电子股份有限公司,中游,中游,空
第一类新闻,燃料电池系统,空,本田,五十铃,上游,下游,空
第一类新闻,通信基础设施,空,中国铁塔股份有限公司,贵州省人民政府,中游,上游,空
第一类新闻,风能和太阳能,空,欧洲重建与发展银行,塞尔维亚政府,中游,中游,空
第一类新闻,纺织,空,黑牡丹,空,上游,空,7140万美元。
第一类新闻,风电、光伏、储能,空,湛江风力发电有限公司,内蒙古乌兰察布丰镇市人民政府,中游,下游,219亿元
第一类新闻,光模块,空,新易盛,空,上游,下游,空
第一类新闻,空,空,华塑科技,腾讯,下游,上游,空
第一类新闻,农业装备,采棉机,星光农机,新疆银丰,上游,下游,空
第一类新闻,锂电池正极关键材料,空,超频三公司,空,供应商,下游,空。
第一类新闻,工程机械,原材料,交通银行湖南省分行,三一集团,下游,上游,220亿元。
第一类新闻,空,空,中贝通信,人民出行,上游,下游,5.84亿元。
第一类新闻,海关,空,中国海关,WCO,上游,中游,空
第一类新闻,空,空,银之杰,"盐城市大数据集团有限公司,,,清雁科技（北京）有限公司",空,空,空
第一类新闻,空,空,祥和实业,中原利达,下游,上游,3.97亿元。
第一类新闻,直升机,空中客车,航空公司,中游,下游,空,43。
第一类新闻,人工智能,空,ServiceNow,微软,中游,中游,空
第一类新闻,航天科技,空,银河电子,上海格思航天科技有限公司,中游,空,3000万元。
第一类新闻,集装箱,空,中外运集装箱运输有限公司,招商轮船全资单船公司,上游,中游,空。订单金额：空。
第一类新闻,汽车,丰田电推系统,海马汽车公司,空,上游,中游,空
第一类新闻,土地,空,上航,东航,中游,下游,31.6亿元
第一类新闻,网络保险,空,汇丰银行,Cyberwrite,中游,中游,空。
第一类新闻,锂离子电池,高能正极材料,丰元股份,山东丰元锂能科技有限公司,下游,中游,10亿元人民币
第一类新闻,新能源汽车,空,恒大新能源汽车,"本公司,,,其他认购方","下游,,,中游",空,208.95亿港元
第一类新闻,空,空,天和防务,"中国电信陕西分公司,,,陕西省国防企业创新发展促进会",空,空,空。
第一类新闻,电子元器件,空,博实（苏州）智能科技有限公司,内蒙古通威硅能源有限公司,中游,下游,4396万元
第一类新闻,天然气,空,空,空,空,空,空。
第一类新闻,吸入气雾剂,空,阿斯利康,空,下游,上游,2.5亿美元
第一类新闻,教育,乐高,学而思,下游,下游,空,空。
第一类新闻,农林生物质,空,九洲集团,空,上游,下游,空。订单金额：空。
第一类新闻,电池,4680电池,空,欣旺达,空,中游,空。
第一类新闻,塑料制品,空,惠城环保,空,下游,空,11.99亿元。
第一类新闻,城市客运枢纽,空,中工国际,YIHAI,中游,下游,9.45亿元
第一类新闻,电力器材,甘肃—浙江±800千伏特高压直流工程线路可研及勘察设计包5,永福股份,空,上游,空,2726万元。
第一类新闻,空,城市提升、乡村振兴、景区景点景观提升、矿山生态环境修复,金埔园林,兰坪白族普米族自治县人民政府,中游,中游,空。
第一类新闻,无,无,厦门钨业公司,"Orano CAM,,,Orano PCAM",下游,上游,空
第一类新闻,空,空,上海三一重机股份有限公司,上海上飞飞机装备制造有限公司,中游,中游,空。
第一类新闻,钢结构,空,大地钢构,万华物资,中游,下游,10.74亿元，1.27亿元。
第一类新闻,空,毛里求斯路易港移民广场城市客运枢纽综合体项目,中工国际,YIHAI,下游,下游,9.45亿元
第一类新闻,氢燃料电池,空,东风汽车股份有限公司,"东风商用车有限公司,国氢科技",中游,"上游,中游,中游,中游,上游",空
第一类新闻,隔离类芯片产品,空,纳芯微,空,下游,下游,空
第一类新闻,PCB系列产品,奥士康,英伟达,中游,上游,空,空
第一类新闻,干线物流,换电产品,"宇通客车,,,空,,,","下游,,,空,,,",空,空,空。
第一类新闻,风电,空,兴业矿业,空,中游,空,空
第一类新闻,电气元器件,空,南阳金冠智能开关有限公司,"河南广盛建安建设工程有限公司,,,河南锦冠电力工程有限公司","中游,,,下游",空,订单金额：空
第一类新闻,液化天然气（LNG）运输,空,沪东中华造船（集团）有限公司,两家单船公司,上游,下游,33.3亿元
第一类新闻,人工智能,Llama 2,联发科,Meta,上游,上游,空。
第一类新闻,新能源储存,空,普裕时代新能源科技有限公司,浙江清华长三角研究院,中游,中游,空
第一类新闻,新能源汽车,空,亚太股份,特斯拉,中游,下游,空
第一类新闻,建筑业,安置房建设项目,浙江省二建建设集团有限公司,中科瑞城设计有限公司,中游,下游,18.87亿元。
第一类新闻,钢结构,空,精工钢构,长鸿高科集团,中游,下游,9692万元
第一类新闻,石油,柴油,奥地利石油公司,慕尼黑储油站,上游,中游,空
第一类新闻,硅铁,空,云海金属,甘肃腾达西铁资源控股集团有限公司,中游,下游,"173,867.44万元"
第一类新闻,空,空,AMD,当地供货商,空,中游,空
第一类新闻,电子后视镜,空,伟时电子,B公司,中游,下游,空
第一类新闻,空,农村环境长效管护项目,中国天楹,海安高新区,空,下游,8606万元。
第一类新闻,超低温压缩机,东贝集团,美的集团,上游,下游,空,空。
第一类新闻,二氧化碳回收项目,中国石油大庆石化公司,中交,中游,下游,空,订单金额空
第一类新闻,游戏制作,空,世纪华通,空,上游,空,空
第一类新闻,737飞机,Spirit AeroSystems Holdings Inc.,波音公司,中游,下游,空,风险
第一类新闻,有色金属,空,空,空,矿产资源供应商,空,空
第一类新闻,稀土,空,金力永磁,"中国稀土集团,,,北方稀土",中游,上游,空。
第一类新闻,网络综合代维服务,空,中贝通信,中国移动通信集团有限公司,中游,下游,7.44亿元。
第一类新闻,空,剧目采购,中国歌剧舞剧院,浙江大丰实业股份有限公司,空,空,空
第一类新闻,汽车零部件,空,欣旺达,理想汽车,中游,中游,空
第一类新闻,EDA,空,上海合见工业软件集团有限公司,北京华大九天科技股份有限公司,中游,中游,空。订单金额为：空。
第一类新闻,房地产,空,我爱我家,第四范式,中游,中游,空。
第一类新闻,OLED电视面板,LG Display,三星电子,中游,下游,200万块,空
第一类新闻,充电设备,空,森源电气,中国石化河南石油分公司,上游,下游,空
第一类新闻,空,空,RYCE白米范,网易云音乐,中游,中游,空
第一类新闻,镍矿,空,BMU,MSS,中游,下游,$775.8万美元
第一类新闻,空,空,斯里兰卡,泰国,下游,下游,空
第一类新闻,专业订单系统,空,金证股份,中信建投证券,中游,中游,空。
第一类新闻,机械零部件,空,海锅股份,"SKF,TIMKEN","中游,上游",空,小批量订单。
第一类新闻,尼龙6切片,空,神马股份,中国平煤神马集团尼龙科技有限公司,下游,上游,1.48亿元
第一类新闻,矿石,宝钢股份,宝武原料公司,上游,中游,空,空。
第一类新闻,重力储能,空,江苏能楹新能源科技发展有限公司,怀来县人民政府,中游,下游,空
第一类新闻,人工智能产业,空,百度,北京市门头沟区政府,中游,下游,空
第一类新闻,动力电池,空,领湃科技,整车厂,上游,下游,空
第一类新闻,空,空,京东科技集团,麒麟软件有限公司,中游,下游,空
第一类新闻,白云石,空,上游,空,中游,空,300万吨每年
第一类新闻,5G通信,数字中频、收发信机,空,信科移动,空,上游、上游,空。
第一类新闻,新能源材料,空,利民股份,金晖股份,中游,中游,空。
第一类新闻,空,空,空,空,空,空,6789亿元
第一类新闻,航空发动机,空,中国航发,中国交通建设集团,中游,中游,空
第一类新闻,算力,空,中国电信,空,上游,空,空
第一类新闻,空,建筑工程,浙江建投,空,中游,空,空。
第一类新闻,人工智能产业,空,百度网讯科技有限公司,格力集团,中游,中游,空
第一类新闻,储能市场,空,达志科技,多家客户,上游,中游,空
第一类新闻,新能源,空,新疆中绿电,新疆华美胜地旅游,"中游,,,上游,,,中游,,,中游,,,中游,,,中游,,,中游","上游,,,中游,,,中游,,,中游,,,中游,,,中游,,,中游",空。
第一类新闻,试剂耗材,空,莱伯泰科,广电计量,中游,下游,空
第一类新闻,汽车电子,空,华阳集团,吉利极氪,中游,中游,空
第一类新闻,智能计算,空,华胜天成,空,中游,上游,空
第一类新闻,EDA,空,上海合见工业软件集团有限公司,北京华大九天科技股份有限公司,空,空,空
第一类新闻,配网设备,空,宁波奥克斯智能科技股份有限公司,南方电网公司,中游,下游,1.78亿元
第一类新闻,房地产,空,ST阳光城,空,下游,上游,空
第一类新闻,复合集流体,空,先导智能,客户,下游,上游,空
第一类新闻,客车,安凯牌,安凯客车,合肥公交集团有限公司,供应商,买方,1.32亿元
第一类新闻,海上风电,66kV海缆及配套附件,东方电缆,Orsted-沃旭和PGE-波兰电网,中游，中游,下游,3.5亿元人民币。
第一类新闻,硅晶圆,环球晶&&&台胜科&&&合晶,空,上游,空,空,空
第一类新闻,新能源设备,空,欧克科技,空,中游,下游,5.5亿元
第一类新闻,光伏背板,空,回天新材公告,空,下游,空,7090万元
第一类新闻,芯片,重要战略性芯片,大众汽车,"恩智浦半导体,,,英飞凌,,,瑞萨电子",空,空,空
第一类新闻,预制菜,鸭汤,ST华英,空,下游,空,空
第一类新闻,中医药,空,中国中医科学院,阿里云,中游,中游,空。
第一类新闻,半导体,空,中车时代半导体,时代电气,下游,中游,空
第一类新闻,空,空,云南白药集团,中国邮政集团有限公司云南省分公司,下游,下游,空
第一类新闻,光伏发电,空,新加坡能源集团,空,中游,上游,空
第一类新闻,空,洁净厂房装修工程,金螳螂,基克纳电子,中游,下游,5800万元
第一类新闻,纺织,喷水织机电控系统产品,伟创电气,新疆诗歌纺织,下游,中游,2.8亿元。
第一类新闻,橡塑助剂,空,乐凯化学材料有限公司,空,中游,下游,1.75亿元
第一类新闻,空,燃油车、新能源车,一汽解放,中通智运、一汽物流,上游、下游,中游,订单金额：空
第一类新闻,电力电缆,220KV交流电力电缆、110kV交流电力电缆,汉缆股份,南方电网公司,下游,中游,6.4亿元。
第一类新闻,光通信,光模块结构件,合肥汇智公司,空,中游,下游,空。
第一类新闻,钢构,空,安徽杭萧,耀元新材料,上游,下游,空
第一类新闻,汽车产业链,空,常州创发基金,尚颀资本,上游,下游,50亿元。
第一类新闻,云服务,空,万兴科技,微软,中游,上游,空
第一类新闻,空,空,中国华电集团有限公司,山东省人民政府,中游,中游,空
第一类新闻,主网线路材料,空,青岛东方铁塔股份有限公司,南方电网,中游,下游,2.36亿元人民币。
第一类新闻,免税,空,品牌商,中免,上游,下游,空
第一类新闻,光模块,空,光迅科技,空,中游,空,空
第一类新闻,化工,烧碱装备,博世科,海外纸业公司,中游,下游,2.51-2.92亿元
第一类新闻,空,数字化体验中心,风语筑,华为,中游,上游,空。
第一类新闻,空,空,Ryvyl,Visa,中游,上游,空
第一类新闻,人工智能,空,欧拉公司,思特奇,中游,中游,空
第一类新闻,粗制氢氧化镍钴（MHP）,华友钴业,淡水河谷印尼公司(PT Vale Indonesia),中游,下游,空,订单金额空。
第一类新闻,房地产,空,光明地产,政府,中游,下游,空
第一类新闻,信息技术,万得信息股份,"新湖信息科技有限公司,,,衢州嘉弢科技合伙企业","网上产业链位置,,,空",空,卖,"2,269,558,402.47"
第一类新闻,产业链培育,空,奇安信,贵州联通,中游,中游,空
第一类新闻,政企安全市场,空,奇安信,贵州联通,中游,中游,空
第一类新闻,安全产品孵化,空,奇安信,贵州联通,中游,中游,空
第一类新闻,人工智能计算,空,北京神州新桥科技有限公司,武汉人工智能计算中心,中游,中游,3.4亿元
第一类新闻,半导体,SiC MOSFET晶圆,长飞先进半导体公司,空,中游,空,100亿元。
第一类新闻,城乡供水,空,首创环保,空,下游,空,3.13亿元。
第一类新闻,文化旅游+农产品贸易+旅游服务,空,山水比德,华润,中游,下游,空
第一类新闻,生物医药、医疗器械、双碳新能源、人工智能、电子信息、高端装备制造,空,盈科资本,泰安市人民政府,空,空,50亿元
第一类新闻,电动汽车充电桩,EliteSiC MOSFET和二极管,安森美,Kempower,上游,中游,空
第一类新闻,光电产业,空,罗博特科,天合光能（淮安）光电有限公司,中游,下游,1.01亿元。
第一类新闻,化工,BYK公司产品,凌玮科技,成都展联商贸有限公司,上游,下游,空。
第一类新闻,空,五通水厂及配套工程、两江水厂及配套工程、会仙镇污水处理厂及配套管网工程,博世科,桂林市临桂区城昇农业综合开发有限责任公司,中游,下游,1.74亿元
第一类新闻,移动智能终端,空,慧博云通,华为海思,中游,下游,空
第一类新闻,天然气,空,俄罗斯天然气工业股份公司,乌兹别克斯坦,上游,下游,空
第一类新闻,新材料,空,粤电力Ａ,空,上游,下游,空
第一类新闻,AMOLED,空,联得装备,京东方,中游,下游,2.08亿元。
第一类新闻,光口智能网关,空,深圳兆能,2023年弘智公司,中游,下游,2851万元。
第一类新闻,生物制药,空,康希诺生物(香港)有限公司,Solution Group Berhad,中游,中游,1333.9万元
第一类新闻,矿产资源开发,空,矿冶集团,中盐集团,中游,中游,空。
第一类新闻,药品,X08,湖北津药药业股份有限公司,天津药业研究院股份有限公司,中游,中游,280万元。
第一类新闻,空,空,康希诺香港,Solution Group Berhad,中游,下游,0.1950RM/股，约合0.3034人民币元/股，订单金额未知。
第一类新闻,电力设备,线路材料,"汇金通,,,下属子公司",中国南方电网,下游,上游,6.67亿元。
第一类新闻,空,空,飞书,"三只松鼠,,,蓝色光标,,,正泰集团,,,英科医疗,,,博士眼镜,,,郁美净",空,空,空
第一类新闻,传统燃油系统,空,亚普股份,"大众,,,通用,,,斯特兰蒂斯,,,长安,,,长城,,,奇瑞,,,福特,,,日产,,,本田,,,丰田",上游,中游,空
第一类新闻,混动燃油系统,空,亚普股份,"斯特兰蒂斯,,,通用,,,比亚迪,,,长安,,,奇瑞,,,上汽乘用车,,,一汽红旗",上游,中游,空
第一类新闻,轴承,空,力星股份,SKF,中游,上游,空
第一类新闻,公路工程,空,湖北省路桥集团有限公司,空,中游,下游,2400000000元。
第一类新闻,金融科技,数字化和扩展金融和行政解决方案,瑞银,Numarics,中游,中游,空
第一类新闻,芯片,昇腾/鲲鹏,川大智胜,华为,中游,上游,空
第一类新闻,原油,空,波兰油气公司奥伦,英国石油公司,中游,上游,600万吨。
第一类新闻,天然气,空,封开水泥公司,德庆燃气公司,中游,下游,空
第一类新闻,空,空,中国人寿保险股份有限公司,大家人寿保险股份有限公司,中游,中游,空
第一类新闻,空,绿色氢,巴西石油公司,Unigel公司,空,空,空
第一类新闻,电动车,空,日产,东风公司,下游,上游,空
第一类新闻,LiBS,空,SK IE Technology,SK ON,中游,下游,空。
第一类新闻,碳酸锂,空,桂阳大为新材料,空,下游,空,2500000000。
第一类新闻,电动车,FSD液冷产品,银轮股份,北美大客户,下游,上游,空
第一类新闻,空,土地及地上建筑物租赁,"金龙羽,,,深圳市华南建材供应链有限公司",空,下游,下游,"191,160万元。"
第一类新闻,新型电力系统建设,空,宁德时代,鄂尔多斯市政府,中游,中游,空
第一类新闻,光伏发电,空,陕西中石能,"华能广西合山市,,,忻城县",中游,下游,2.6亿元
第一类新闻,AI计划,空,MongoDB,谷歌云Vertex AI,中游,下游,空。
第一类新闻,光伏电子材料,空,聚和材料全资子公司德力聚,空,上游,空,1200000000
第一类新闻,化工,空,成都东南钢结构有限公司,万华化学集团物资有限公司,中游,下游,10.74亿元。
第一类新闻,天然气,LNG,中集安瑞科工程科技有限公司,合作伙伴,下游,中游,17.6亿元人民币。
第一类新闻,新能源,主设备、辅助设备、AGV,控股公司名称：中科云网,收货公司名称：中科云网（高邮）新能源科技有限公司,供货公司产业链位置：空,收货公司产业链位置：下游,订单金额：3000万元。
第一类新闻,MR头显,空,苹果,"7家大陆地区厂商：立讯精密,,,高伟电子,,,德赛电池,,,歌尔股份,,,长盈精密,,,领益制造兆威机电; 11家台湾地区厂商：台积电,,,大立光,,,业成集团,,,日月光,,,和硕,,,台郡,,,臻鼎,,,欣兴,,,景硕,,,南电,,,采钰",上游,下游,空。
第一类新闻,城市公共交通,DLS,中国中车集团有限公司,里约州政府,空,下游,空
第一类新闻,空,空,ST交投,云南省交通规划设计研究院有限公司,中游,下游,6988.40万元。
第一类新闻,互联网医疗,空,凯辉基金,Clivi,中游,下游,空
第一类新闻,化学化工,铜箔,浙江宏丰铜箔有限公司,厦门大学化学化工学院,中游,中游,空
第一类新闻,人工智能,空,商汤科技,永信至诚,中游,中游,空。
第一类新闻,液冷产品,银轮股份,北美大客户FSD,下游,上游,空,空。
第一类新闻,空,空,上汽集团,奥迪,中游,中游,空
第一类新闻,智能算力,空,威星智能,摩尔线程,上游,中游,空。
第一类新闻,光伏,空,华明装备,CIWE,上游,中游,1亿元新币。
第一类新闻,无,溴元素,东方铁塔,开元,下游,下游,空。
第一类新闻,电动车,空,上汽集团,奥迪公司,上游,中游,空
第一类新闻,电解液溶剂,比亚迪,海科新源,中游,上游,空,空
第一类新闻,水泥,空,中材国际,南方省水泥公司,中游,下游,3.3亿美元。
第一类新闻,电力,单晶拉棒,什邡国有公司,天合光能,中游,上游,107亿元。
第一类新闻,钢材,H2 Green Steel,梅赛德斯-奔驰,中游,下游,卖,约束力协议下的订单金额：空。备忘录下的订单金额：空。
第一类新闻,广电传媒,内容审核项目,当虹科技,三六零集团,中游,中游,空
第一类新闻,纯电动车,比亚迪,99平台,生产商,下游公司,空,租赁
第一类新闻,空,海工装备,空,天津临港综合保税区,空,空,空
第一类新闻,空,粮油加工,空,天津临港综合保税区,空,空,空
第一类新闻,纺机,空,中复神鹰,江苏鹰游,上游,下游,229054.93万元。
第一类新闻,新能源,高效电池,中科云网（高邮）新能源科技有限公司,湖北三江航天建筑工程有限公司,上游,下游,"28,100万元。"
第一类新闻,供水保障工程,空,宏润建设,空,中游,下游,1.61亿元。
第一类新闻,污水处理,空,"联泰环保,,,空","上游,,,空",空,空,空
第一类新闻,天然气,沙特贾夫拉天然气田,沙特阿美,投资者,中游,中游,空。
第一类新闻,空,空,太平洋生物科学公司,谷歌,下游,中游,空
第一类新闻,新能源,空,吉利控股集团有限公司,重庆长安汽车股份有限公司,下游,下游,空
第一类新闻,汽车,小鹏汽车,溯联股份,小鹏汽车,上游,下游,空
第一类新闻,电子,1U服务器,南方能源,贵安新区,上游,中游,空
第一类新闻,新型城镇化PPP项目,空,重庆建工第三建设有限责任公司,重庆城投集团巫山城市更新建设发展有限公司,中游产业链,下游产业链,10.93亿元。
第一类新闻,天然气,空,安控科技,天然气投资集团,空,空,空
第一类新闻,粉末涂料用聚酯树脂,空,光华股份,黄湾镇政府,上游,下游,6亿元。
第一类新闻,充电设备,空,盛弘股份,中国石油,中游,下游,空
第一类新闻,核心充电模块,空,盛弘股份,中国石油,中游,下游,空
第一类新闻,医药,CMC服务,合全药业,同源康医药,中游,中游,空。
第一类新闻,电动车,空,英飞凌,鸿海,上游,下游,空
第一类新闻,空,空,中国航天科技集团,陕西省,中游,中游,空
第一类新闻,新能源汽车,车载充电机,得润电子,华人运通技术有限公司,下游,中游,空
第一类新闻,游戏娱乐,Olympia(Playground),创维数字,Nex,上游,中游,空
第一类新闻,粮食,空,俄罗斯,空,上游,空,空
第一类新闻,空,高投芯光智造园项目设计-施工总承包,成都倍特建筑安装工程有限公司,高新发展,中游,下游,空
第一类新闻,PET复合铜箔,空,双星新材,空,上游,中游,空
第一类新闻,电子元器件,英伟达产品,空,中电港,上游,中游,空。
第一类新闻,输电线,空,江苏通光强能输电线科技有限公司,南方电网公司,中游,上游,2.61亿元
第一类新闻,数字供应链金融,空,浙江网商银行,洋河股份,中游,下游,空
第一类新闻,航空器零部件,航姿基准系统（AHRS）,小鹏汇天公司,中国民航局,中游,上游,空
第一类新闻,汽车电子及汽车安全类产品,空,均胜电子,小鹏,中游,下游,空
第一类新闻,空,Grace Hopper超级芯片,英伟达,软银,中游,上游,空
第一类新闻,新能源汽车,空,ATL汽车集团,比亚迪,中游,下游,空
第一类新闻,XR设备,空,三星,合作伙伴,上游,中游,空
第一类新闻,微显示器,空,三星公司,eMagin公司,中游,中游,空
第一类新闻,汽车零部件,后副车架及后扭力梁产品,万安科技,广汽埃安,中游,下游,空。
第一类新闻,精密结构件及智能制造,空,格林精密,空,中游,空,10.68亿元
第一类新闻,空,空,强瑞技术,苹果公司,中游,上游,空
第一类新闻,动力电池,盖板、模切件以及相关注塑、冲压件,"苏州领汇,,,苏州领裕",德国某整车厂商旗下动力电池子公司,下游,上游,约22亿元。
第一类新闻,支付,币安支付,空,Credencial Payments,上游,下游,空
第一类新闻,移动设备,空,Arm,联发科,上游,下游,空。
第一类新闻,空,金华市第五医院（浙江医院金华分院）迁建项目,浙江三建,空,中游,空,10.17亿元。
第一类新闻,CTP电池,宁德时代,Arun Plus,上游,中游,空,空。
第一类新闻,电子元器件,空,飞力达,空,上游,下游,8亿元人民币。
第一类新闻,空,空,国网北京电力,空,上游,买,空
第一类新闻,工程承包,空,中色股份,空,上游,下游,38.67亿元
第一类新闻,空,空,空,重庆市政府,上游,中游,空
第一类新闻,管道,防腐钢管、PE管材,青龙管业,空,下游,收购,8750.82万元。
第一类新闻,AI GPU,空,"纬创,,,鸿海",空,"上游,,,中游",空,订单金额空
第一类新闻,电子元器件,A100/A800/H100,"鸿海,,,纬创","中游,,,中游",空,空,空
第一类新闻,电感器,顺络电子,英伟达,中游,下游,空,空。
第一类新闻,电子元件,空,仁宝电子,空,中游,下游,2.6亿美元。
第一类新闻,空,飞行员培训,波音公司,加拿大航空电子设备公司,中游,中游,空。
第一类新闻,光伏,空,"鸿晟电力,,,鸿能电务,,,宁波碳银","上游,,,中游,,,下游","上游,,,中游,,,空",买,7.71亿元。
第一类新闻,农村公路,空,黑龙江省龙建路桥第二工程有限公司,空,中游,下游,4.09亿元。
第一类新闻,生活垃圾收运处理,空,侨银股份,空,下游,空,6746万元/三年
第一类新闻,电子材料,空,上海石创,济南光微,中游,下游,4亿元
第一类新闻,光热设备,太阳能热发电与供暖汽轮发电机组,上海电气电站集团,中广核新能源西藏阿里,中游,下游,空
第一类新闻,光热设备,光热电站汽轮机设备,上海电气电站集团,中能建哈密,中游,下游,空
第一类新闻,咨询服务,空,"京兴国际,,,中国中元和机勘院联合体",廊坊市第四人民医院,中游,中游,5532万元
第一类新闻,服务器CPU软件集成服务,空,中国移动,空,上游,中游,5430万元。
第一类新闻,新能源,复核光伏发电,鲁能新能源（集团）有限公司，空,下游，空,空,空,空
第一类新闻,抗体偶联药物,空,皓元医药,重庆国际生物城开发投资有限公司,上游,下游,1000000000元
第一类新闻,光伏发电,空,华光环能,禄丰高峰能源有限公司,中游,下游,5.31亿元
第一类新闻,电视、显示器及电子标签整机,空,北京视讯,空,中游,中游,20.2亿元
第一类新闻,新能源,空,华孚时尚,新疆华电,中游,上游,空。
第一类新闻,电动汽车,空,奥托立夫,蔚来汽车,中游,中游,空
第一类新闻,输配电及控制设备,空,望变电气,空,上游,下游,空
第一类新闻,储能,空,蜂巢能源,章鱼博士智能技术,中游,上游,空
第一类新闻,新能源,空,晶科能源,西门子数字化工业软件,上游,下游,空。
第一类新闻,半导体掩膜版,空,路维光电,空,上游,空,空
第一类新闻,新能源,空气悬挂系统,安美科(安徽)汽车电驱有限公司,国内某头部新能源品牌主机厂,中游,上游,6.13亿元。
第一类新闻,空气悬挂系统,空气供给单元总成产品,安美科（安徽）汽车电驱有限公司,某头部新能源品牌主机厂,中游,下游,6.13亿元
第一类新闻,电子元器件,华为海思芯片ICD,"世纪鼎利,,空,,|上游",中游,空,空,空
第一类新闻,太阳能发电,空,CK Power,Bangkok Expressway and Metro PLC,上游,下游,空
第一类新闻,空,美团,KeeTa,空,中游,下游,空
第一类新闻,电子元器件,线材,佳禾智能,苹果子公司,中游,下游,空
第一类新闻,智能制造,GPU、DPU等芯片,空,空,上游,中游,空
第一类新闻,锂电池,空,翔丰华,"德国大众,,,韩国SKI,,,日本松下",空,空,空
第一类新闻,动力电池,空,天奇股份,玛莎拉蒂（中国）汽车贸易有限公司,中游,下游,空
第一类新闻,铁矿石,空,必和必拓,空,上游,下游,空
第一类新闻,精密零件冷成形机,空,思进智能公司,空,下游,空,空
第一类新闻,空,空,ST中嘉,百度网讯,中游,中游,空
第一类新闻,芯片,空,"世纪鼎利,,,华为海思",下游,下游,空,10万元/年
第一类新闻,冶金行业,空,中国钢研科技集团,华为技术,中游,中游,空
第一类新闻,电子元器件,一步式全湿法复合铜箔电镀设备,嘉元科技,广州三孚新材料科技股份有限公司,中游,下游,2.43亿元。
第一类新闻,钢铁冶金,空,鞍钢工程技术公司,华为技术,中游,上游,空
第一类新闻,汽车零部件,空,大陆集团,空,中游,空,空
第一类新闻,市政工程,兴慈大道快速路（沈海高速新浦互通-滨海大道）工程,浙江新湾市政工程建设有限公司,宁波杭州湾新区海平开发建设有限公司,中游,下游,4.54亿元。
第一类新闻,新能源汽车,移动机器人,公司,客户,中游,下游,空。
第一类新闻,空,巴布油田中心处理站第九列项目,中国石油工程建设有限公司,阿联酋阿布扎比国家石油公司陆上公司,空,下游,23.58亿元人民币。
第一类新闻,燃料电池,空,"万国数据,,,",SK ecoplant,空,空,空
第一类新闻,空,空,华映科技,华为,中游,上游,空。
第一类新闻,芯片,空,慧博云通,华为海思,下游,中游,空
第一类新闻,空,空,长信科技,华为,中游,下游,空。
第一类新闻,接入产品,特发信息,华为,中游,上游,空,空。
第一类新闻,航空航天产业,空,航宇科技,空,中游,空,空
第一类新闻,空,大型货舱门、散货舱门,萨博公司,波音公司,中游,下游,空
第一类新闻,空,空,侨银恒海,合斌建筑,中游,下游,7.55亿元
第一类新闻,设备和服务,空,未来电器,正泰电器,中游,下游,空
第一类新闻,铜箔,温州宏丰,浙江工业大学,中游,中游,空,空。
第一类新闻,光伏设备,空,东威科技,空,中游,空,空
第一类新闻,电池,BC电池开膜设备,英诺激光,客户,中游,空,空。
第一类新闻,半导体电子材料,空,帝科股份,"中芯国际,,,长电科技",中游,下游,空
第一类新闻,储能,空,合肥国轩,南方电网调峰调频(广东)储能科技,上游,下游,空
第一类新闻,道路交通建设,104国道杭州河庄至衙前段工程,浙江交工宏途交通建设有限公司,杭州市交通运输发展保障中心,中游,下游,空
第一类新闻,AI显卡,空,崇达技术,部分客户,中游,空,空
第一类新闻,虚拟现实(VR),Quest Pro头显,LG公司,Meta,上游,中游,2000美元。
第一类新闻,空,空,石榴集团,桑春华,空,中游,空
第一类新闻,人工智能,空,立昂技术,北京中科闻歌科技股份有限公司,中游,中游,空
第一类新闻,数据中心,空,立昂技术,科华数据股份有限公司,中游,中游,空
第一类新闻,零部件,空,星星科技,华为,中游,下游,空
第一类新闻,汽车软件,空,高通技术公司,亚马逊云科技公司,中游,中游,空
第一类新闻,网信安全监测,瑶光内容安全监测系统,东方通公司,三大运营商,"中游,,,下游",空,空。
第一类新闻,电子器件,空,"九联科技,,华为,,,海思","中游,,,上游,,,上游",空,空,空
第一类新闻,存储,空,银信科技,华为,中游,上游,空
第一类新闻,数通安全,空,银信科技,华为存储,中游,上游,空
第一类新闻,电子元器件,高速、射频连接器及电缆组件、液冷、电源连接器等产品,航天电器公司,华为公司,中游,下游,空
第一类新闻,光伏硅胶,空,回天新材,BC电池制造厂商,中游,空,空。
第一类新闻,营运车辆保险,空,中国保险行业协会,空,中游,空,空
第一类新闻,双氧水,空,山东海化,空,上游,中游,空。
第一类新闻,空,汽车技术部门,丰田汽车,空,上游,下游,空
第一类新闻,空,空,美年健康,空,政企大客户,空,空
第一类新闻,BC电池浆料,空,帝科股份,多家客户,上游,下游,空
第一类新闻,车联网,空,万马科技,"吉利,,,理想,,,东风汽车,,,天际汽车,,,智己汽车,,,高合汽车",上游,中游,空
第一类新闻,光测试和组装业务,空,ficonTEC,华为海思,中游,中游,空
第一类新闻,LCP薄膜,空,普利特,友维聚合（上海）新材料科技有限公司,上游,中游,空
第一类新闻,建筑材料,空,天铁股份,中铁物资集团（天津）有限公司,中游,下游,6347.7万元
第一类新闻,企业服务市场业务,空,二六三,全景网,中游,中游,空
第一类新闻,机器视觉,智能视觉装备,凌云光,华为,下游,上游,空
第一类新闻,汽车用12V锂电池系统,亿纬锂能,General Motors,中游,下游,空,空。
第一类新闻,游戏,仙境传说：新启航,上海骏梦网络科技有限公司,"天津紫龙奇点互动娱乐有限公司,,,北海乐游科技有限公司",中游,下游,空
第一类新闻,酒类服务,空,兆讯传媒,茅台品牌,中游,下游,空。订单金额信息缺失。
第一类新闻,电子元器件,PCB,中京电子,相关客户,中游,上游,空
第一类新闻,PCB,空,中京电子,相关客户,中游,中游,空
第一类新闻,区域经济大数据分析业务,空,中科信息,华为,中游,中游,空
第一类新闻,环境监测仪器,空,皖仪科技股份有限公司,鲁控数字,中游,中游,空
第一类新闻,电池,空,派能科技,空,上游,下游,空
第一类新闻,热电联产项目,空,中电环保,中国能源建设集团山西电力建设有限公司可克达拉分公司,中游,下游,5165万元
第一类新闻,化工,环氧丙烷/苯乙烯（含乙苯）装置,寰球工程公司,广西石化,中游,下游,30.33亿元。
第一类新闻,AD胶、固晶膜,德邦科技,空,下游,空,空,订单金额：空。因为该新闻没有明确体现德邦科技向其他公司提供产品或服务。
第一类新闻,信创领域,空,彩讯股份,华为,下游,上游,空
第一类新闻,网联运维服务,空,优咔科技,东风岚图,中游,下游,空
第一类新闻,生态运营服务,空,优咔科技,东风岚图,中游,下游,空
第一类新闻,保险业,空,"平安健康,,,泰康在线,,,康立明生物,,,蚂蚁保",空,空,空,空
第一类新闻,电子元器件,空,首都在线,国产芯片厂商,中游,中游,空。
第一类新闻,助剂类产品,空,岳阳凯门水性助剂有限公司,玳权精细化工科技有限公司,中游,中游,空
第一类新闻,矿砂,WinningMax船型,北海造船联合中船贸易,韦立国际集团,下游,上游,空
第一类新闻,空,空,九江银行,北京火山引擎科技有限公司,下游,中游,空
第一类新闻,空,弹簧,华纬科技,空,下游,中游,空
第一类新闻,AI云、AI超级计算机,英伟达,塔塔,空,上游,空,空
第一类新闻,算力系统,空,"弘信电子公司,,,庆阳市人民政府,,,厦门美图网科技有限公司,,,上海燧原科技有限公司,,,中国电信股份有限公司甘肃分公司,,,中电万维信息技术有限责任公司","中游,,,空,,,空,,,空,,,下游,,,空",空,空,空
第一类新闻,空,空,威尔高,苹果,中游,下游,空
第一类新闻,云服务器,密码机、电子签章,电科网安,华为,中游,下游,空
第一类新闻,手机摄像头滤光片,东田微,华为,中游,下游,空,空
第一类新闻,光伏电站,空,永福股份,"华能福建公司罗源电力技术公司泉州片区户用分布式光伏发电一期EPC总承包项目,,,华能福建公司罗源电力技术公司漳州片区一期户用分布式光伏发电项目EPC总承包项目",中游,中游,"3.7亿元（含税）,,,4.08亿元（含税）"
第一类新闻,工业网络通信产品,工业领域卫星通信,东土科技,空,防务领域,下游,空
第一类新闻,光伏电站项目,空,永福股份,"华能福建公司罗源电力技术公司泉州片区户用分布式光伏发电一期EPC总承包项目,,,华能福建公司罗源电力技术公司漳州片区一期户用分布式光伏发电项目",中游,下游,"人民币778,294,000元（含税）"
第一类新闻,汽车,空,飞凡汽车,上汽乘用车,下游,中游,空
第一类新闻,空,空,京东物流,中乔体育,中游,下游,空
第一类新闻,电子元器件,EPYC（霄龙）CPU,景旺电子,AMD PEEP,上游,中游,空。
第一类新闻,信号系统,空,国睿科技,空,上游,下游,3.8亿元
第一类新闻,空,空,十一科技,盛虹动能,中游,下游,17.48亿元。
第一类新闻,算力服务,空,润建股份,"中国-东盟人工智能超算中心项目,,,福建多站Al超算大数据中心,,,粤港澳大湾区智能算力中心","下游,,,下游,,,下游",空,空。
第一类新闻,空,水岛EPC项目,国能朗新明,长源电力汉川公司,中游,下游,1.82亿元。
第一类新闻,空,水岛EPC项目,国能朗新明环保科技有限公司,国能长源汉川发电有限公司,空,下游,1.82亿元。
第一类新闻,锂/钠电池,空,电子标准院,亿纬锂能,中游,下游,空
第一类新闻,化工,空,东营华泰化工集团有限公司,浙江永和制冷股份有限公司,中游,中游,空
第一类新闻,空,华为服务器,华工科技,空,上游,下游,空
第一类新闻,多晶硅,REC Silicon,Hanwha Qcells Georgia,中游,下游,卖,约30亿美元
第一类新闻,半导体设备,空,深科达,空,上游,中游,空
第一类新闻,硅精抛液,空,安集科技,中国台湾客户,中游,下游,空
第一类新闻,城市能源AMI智能化管理,空,威胜信息,空,中游,空,2290万元人民币
第一类新闻,半导体,空,汉钟精机,机台商、晶圆厂,中游,中游,空。
第一类新闻,显示模组,空,芯瑞达,华为,中游,下游,空。
第一类新闻,卫星天线,空,通宇通讯,华为,下游,中游,空
第一类新闻,折叠柔性金属,空,逸昊金属,华为,上游,下游,空
第一类新闻,卫星通信,微波天线、基站天线、授时定位天线,通宇通讯,华为,中游,上游,空
第一类新闻,VR,空,恒信东方,华为,中游,下游,空
第一类新闻,VR版块,空,恒信东方,华为,中游,下游,空
第一类新闻,传感器,空,福赛科技,空,上游,中游,空
第一类新闻,卫星通信,空,高新兴,深圳星联天通科技有限公司,上游,下游,空
第一类新闻,智能视频,空,高新兴,华为,中游,中游,空
第一类新闻,智慧交警,空,高新兴,华为,中游,中游,空
第一类新闻,车载模块、车载T-BOX测试产品,空,利和兴,客户,中游,下游,空。
第一类新闻,汽车,空,飞凡汽车,上汽乘用车公司,空,中游,空
第一类新闻,空,癌症疫苗,莫德纳,Imatics,中游,中游,1.2亿美元。
第一类新闻,"CPU及芯片, 服务器整机及相关配件, 操作系统, 数据库, 终端, 网络及安全系统设备",品高股份,信创生态,中游,中游,空,空。
第一类新闻,高压氢阀,南通新能源,神通,中游,下游,空,空。
第一类新闻,空,空,宇瞳光学,华为,中游,中游,空
第一类新闻,卫星通话功能,空,中国电信,华为公司,上游,中游,空
第一类新闻,新能源汽车,空,现代汽车集团,北汽集团,中游,上游,空
第一类新闻,工程机械,空,徐工机械,空,探索阶段,空,空
第一类新闻,减震器,空,北特科技,特斯拉,中游,下游,空
第一类新闻,汽车零部件,座椅骨架总成,重庆沿浦汽车零部件有限公司,上海沿浦,下游,中游,空。
第一类新闻,封装技术,空,蓝箭电子,特斯拉公司,中游,上游,空
第一类新闻,锂电材料,空,吉利控股集团,天齐锂业股份有限公司,上游,中游,空。
第一类新闻,空,空,金隅集团,华为公司,中游,中游,空
第一类新闻,无人驾驶,空,理工导航,合作单位,中游,下游,空
第一类新闻,空,空,星星科技,华为汽车,空,下游,空。
第一类新闻,光伏组件封装,改性硅胶材料,空,锦富技术,空,中游,空
第一类新闻,3C领域,空,凌云光公司,华为,中游,上游,空
第一类新闻,机器视觉算法平台,空,凌云光公司,多家汽车厂商,中游,下游,空
第一类新闻,机器视觉认证,空,凌云光,华为,中游,上游,空
第一类新闻,航空运输,空,泰国正大集团,"洛阳市政府, 河南省文旅集团","上游, 空","下游, 中游",空
第一类新闻,星闪芯片,空,"创耀科技,,,车厂商","中游,,,下游","上游,,,中游",空,空
第一类新闻,保护壳,空,杰美特,华为,中游,下游,空
第一类新闻,服务器芯片,空,协鑫能科,华为数字能源,中游,中游,空
第一类新闻,水电、新能源及储能、高效清洁火电、科技创新,空,三峡集团,东方电气集团,中游,中游,空
第一类新闻,空,空,安控科技,信能公司,中游,中游,空
第一类新闻,高端模组,空,联得装备,中电商务（北京）有限公司,上游,下游,4.92亿元
第一类新闻,智能充电网络,空,恒华科技,华为,中游,上游,空
第一类新闻,锡膏印刷设备、点胶设备和柔性自动化设备,凯格精机,华为,中游,下游,空,空。
第一类新闻,甲醇,VLCC油轮,招商轮船全资单船公司,大连造船,中游,下游,10750万美元
第一类新闻,锡膏印刷设备、点胶设备、柔性自动化设备,凯格精机,华为,中游,下游,空,空。
第一类新闻,数据中心,空,依米康,华为,中游,上游,空
第一类新闻,精密金属结构件,空,华亚智能,客户,上游,中游,空
第一类新闻,散热相关产品,空,中石科技,华为,上游,下游,空
第一类新闻,温控节能设备,佳力图,华为,中游,下游,空,空。
第一类新闻,汽车,空,欣锐科技,"比亚迪,吉利汽车","中游,中游",空,空
第一类新闻,光通讯模组,空,科瑞技术,华为,中游,下游,空
第一类新闻,云计算,空,南钢股份,阿里云,中游,中游,空
第一类新闻,高端模组项目,涂胶机、绑定机、遮光油墨和导电油墨自动涂布设备,深圳市鑫三力自动化设备有限公司,京东方,中游,下游,1.53亿元
第一类新闻,汽车零部件,问界M5、M7,四会富仕,赛力斯,中游,上游,空。
第一类新闻,工业机器人,空,拓斯达,华为,中游,下游,空。
第一类新闻,视频监控,空,铭利达,华为,中游,上游,空
第一类新闻,中间体,空,诚达药业,礼来,中游,下游,空
第一类新闻,电池,未说明,弗迪电池有限公司,京东科技,中游,中游,空
第一类新闻,新能源汽车,空,远东传动,"比亚迪,,,奇瑞","中游,,,中游",空,空
第一类新闻,空,空,中远海运控股股份有限公司,中远海运（南美）有限公司,中游,中游,空
第一类新闻,车载显示,空,易天股份,空,中游,空,空
第一类新闻,线路钢管,空,石化机械钢管分公司,国家石油天然气管网集团有限公司建设项目管理分公司,中游,下游,空。
第一类新闻,固体氧化物电解水制氢,新材料,紫金矿业长沙新能源公司,华南理工大学陈宇教授团队,下游,下游,空
第一类新闻,清洁能源,空,中广核能源国际,老挝政府,中游,下游,空。
第一类新闻,补锂剂,德方纳米,多家客户,下游,空,空,空
第一类新闻,电池,空,国轩高科,空,中游,空,空
第一类新闻,空,空,北方华创,中芯国际,中游,下游,空
第一类新闻,光学,空,波长光电公司,空,上游,中游,空
第一类新闻,摩托车,空,铃木汽车公司,KMSB Motors Sdn. Bhd公司,中游,下游,空
第一类新闻,太阳能,HJT技术,空,迈为股份,空,空,空
第一类新闻,智能计算,空,济南超级计算中心有限公司,中贝通信,上游,下游,1.8亿元。
第一类新闻,原水处理装置,空,倍杰特,中石化广州工程有限公司,中游,下游,空。
第一类新闻,下线测试设备,空,华依科技,上汽通用,中游,下游,空
第一类新闻,空,空,正海磁材,华为,中游,上游,空。
第一类新闻,空,平陆运河项目物流,中国远洋海运集团,广西壮族自治区政府,中游,中游,空
第一类新闻,空,沿边临港产业园区建设,中国远洋海运集团,广西壮族自治区政府,中游,中游,空
第一类新闻,空,中国—东盟产业合作区建设,中国远洋海运集团,广西壮族自治区政府,中游,中游,空
第一类新闻,空,合资设立陆海新通道物流供应链有限公司,"中远海运控股,,,北部湾港集团",空,中游,中游,空
第一类新闻,安全系统和底盘高度传感器,问界M9,空,上海沿浦,空,中游,空。
第一类新闻,清洁能源,空,中广核能源国际,老挝政府,上游,下游,空
第一类新闻,短距离无线网络,空,北部湾港,华为星闪联盟,中游,上游,空。
第一类新闻,天线领域,空,通宇通讯,华为,下游,中游,空
第一类新闻,光伏发电,空,永福股份,"华能福建公司罗源电力技术公司泉州片区户用分布式光伏发电一期EPC总承包项目,,,华能福建公司罗源电力技术公司漳州片区一期户用分布式光伏发电项目EPC总承包项目",中游,中游,"3.7亿元,,,4.08亿元"
第一类新闻,光刻胶,空,爱司凯,空,上游,中游,空
第一类新闻,硅片制造设备,空,劲拓股份,空,中游,空,空。
第一类新闻,储能系统集成产品和系统解决方案,空,怡亚通,一舟电子科技股份有限公司,中游,中游,空。
第一类新闻,空,空,东风股份,顾军,上游,下游,2600万元。
第一类新闻,天然气管道,空,金洲管道,"中石油,,,中石化,,,中海油","下游,,,下游,,,下游",中游,空。
第一类新闻,电子元器件,空,联创电子,空,中游,下游,空
第一类新闻,空,空,华自科技,长沙昇腾人工智能创新中心,中游,下游,空
第一类新闻,电力行业,空,华自科技,长沙昇腾人工智能创新中心,中游,上游,空。
第一类新闻,乳制品,空,伊利集团,蒙牛集团,中游,中游,空
第一类新闻,铝后深加工,空,鄂尔多斯市,三国相关企业,中游,下游,空
第一类新闻,轮胎,空,玲珑轮胎,小米汽车,中游,下游,空
第一类新闻,智能电推进技术,空,微光股份,西北工业大学无人系统技术研究院,中游,中游,空
第一类新闻,冷链,智能柜,海容冷链,旺旺,中游,下游,空
第一类新闻,光模块,空,剑桥科技,华为,上游,下游,空
第一类新闻,5G设备,"华为,中兴","德国电信,沃达丰","中游,中游","下游,下游",空,订单金额空
第一类新闻,绿色甲醇,国家电投,"中远海运,,,上港集团,,,中国中检","生产,,,运输,,,加注,,,认证","中游,,,下游,,,中游,下游,,,空",空,空。
第一类新闻,智能跟踪系统,开拓者1P智能跟踪支架,"天合跟踪,,,中国电建",麦德林电力公司,"中游,,,下游",108MW,空
第一类新闻,空,空,锐明技术,华为,上游,下游,空
第一类新闻,飞机,A350-1000,渤海租赁,卡塔尔航空,中游,下游,18.33亿美元
第一类新闻,煤气分质深度利用项目,空,东华科技,临涣焦化股份有限公司,中游,中游,6.24亿元。
第一类新闻,农业,空,甘肃省水利水电勘测设计研究院有限责任公司,空,中游,下游,空。
第一类新闻,化工,空,博实股份,国能新疆化工有限公司,中游,下游,4261.32万元
第一类新闻,清洗设备,空,蓝英装备,空,中游,空,空
第一类新闻,无线充电,空,小米汽车科技有限公司,空,供应链位置未知,下游,空
第一类新闻,轻量化零部件,空,瑞鹄模具,奇瑞汽车,中游,下游,空
第一类新闻,空,空,东华软件,华为,中游,上游,空。
第一类新闻,空,空,飞凯材料,中芯国际旗下企业,空,空,订单规模随客户需求变化而变化。
第一类新闻,空,空,长久物流,集度汽车,中游,下游,空
第一类新闻,汽车服务,空,长久物流,武汉集度汽车服务有限公司,上游,下游,空
第一类新闻,视窗防护屏、触控显示模组及精密结构件零部件,星星科技,华为,中游,下游,空,空
第一类新闻,未说明,未说明,岩山科技,华为,未知,未知,空
第一类新闻,纯电动商用车,特来电新能源股份有限公司,一汽解放汽车有限公司,中游,上游,空,空
第一类新闻,空,数据库、服务器、芯片、云、操作系统,宇信科技,华为,中游,上游,空。
第一类新闻,电池,空,巨一科技,大庆沃尔沃汽车制造有限公司,中游,中游,"45,056.00万元"
第一类新闻,芳纶涂覆隔膜,空,泰和新材,部分客户,下游,中游,空
第一类新闻,再生资源,再生金属、废家电、再生塑料、报废汽车,中国再生资源开发集团有限公司,京东物流,中游,中游,空
第一类新闻,二氧化碳应用端,空,通源石油,新疆油田,中游,下游,空
第一类新闻,电子元器件,空,博通公司,三星电子,中游,上游,191亿韩元
第一类新闻,液化天然气,空,雪佛龙公司,液化天然气工厂工会,中游,下游,空
第一类新闻,LCP材料,空,沃特股份,供货公司产业链位置,收货公司产业链位置,空,空
第一类新闻,财税数智化,空,金财互联数据服务有限公司,华为云计算技术有限公司,中游,中游,空
第一类新闻,太阳能光伏,空,霍普珀科,呼和浩特市回民区人民政府,中游,上游,空
第一类新闻,建筑,空,霍尼韦尔智能建筑科技集团,上海森兰外高桥商业营运中心有限公司,上游,中游,空
第一类新闻,空,空,英飞拓,华为,中游,中游,空
第一类新闻,半导体,氮化镓,"国星光电,,,佛山照明智达电工科技有限公司","国星光电产业链位置：中游,,,佛山照明智达电工科技有限公司产业链位置：下游",供应,空,空。
第一类新闻,有色金属,空,中国有色金属工业协会,中金岭南有色金属股份有限公司,空,空,空
第一类新闻,智能网联汽车,空,毫末智行,空,未指明,未指明,空
第一类新闻,电化学储能产业,空,深圳能源集团股份有限公司,华为数字能源技术有限公司,中游,下游,空
第一类新闻,交通运输,智慧平台,"华为,,,空,,,空","中游,,,空,,,空",空,空,空
第一类新闻,空,空,杰瑞装备技术有限公司,瑞典阿法拉伐集团,中游,中游,空
第一类新闻,数字农牧林草,空,小草数字生态产业股份有限公司,超图软件集团,上游,下游,空。
第一类新闻,空,空,杰瑞石油装备技术有限公司,瑞典阿法拉伐集团,空,空,空
第一类新闻,医疗设备,空,北京银行,通用环球医疗集团有限公司,上游,下游,空
第一类新闻,金融服务,空,浙商银行股份有限公司,华为技术有限公司,中游,下游,空
第一类新闻,新能源汽车,空,中远海运,PWL Shipping GmbH & Co.KG,上游,下游,空
第一类新闻,空,空,杰美特,华为,中游,上游,空
第一类新闻,空,空,中国宝武,宝钢股份,中游,下游,空。
第一类新闻,BC技术,空,迈为股份,空,供应链位置未知,供应,空
第一类新闻,储能,空,江苏林洋亿纬储能科技有限公司,安徽晶昊新能源有限公司,中游,中游,空
第一类新闻,空,空,诺和诺德,Valo Health,中游,中游,6000万美元
第一类新闻,清洁能源,空,辽宁旭能科技有限公司,华为数字能源,中游,上游,空
第一类新闻,光伏电站,空,三晖能源科技有限公司,河北雄安许继电科综合能源技术有限公司,下游,上游,7542.00万元。
第一类新闻,泵和旋流器组,"渣浆泵,水力旋流器",耐普矿机,俄罗斯某客户,中游,下游,9426.6万元
第一类新闻,电缆,空,中国电信集团有限公司,中国电信股份有限公司,下游,空,6563万元。
第一类新闻,空,空,麒麟软件,华为,中游,上游,空
第一类新闻,空,海上油田压裂工程船,中国船舶集团有限公司,中国海洋石油总公司旗下中海油(中国)有限公司天津分公司,中游,下游,空
第一类新闻,智能建造机器人,空,中科信息,四川蜀道集团,中游,下游,空
第一类新闻,智能装载机器人,空,中科信息,空,中游,空,空
第一类新闻,路面自动化作业机器人,空,中科信息,空,下游,空,空。
第一类新闻,植保产品,浙农金泰生物科技有限公司,中化现代农业有限公司,下游,上游,空,空。
第一类新闻,光伏组件,空,乾景园林控股子公司安徽国晟新能源,中广核风电有限公司,下游,上游,12.5亿元。
第一类新闻,工业互联网,空,慧博云通,客户,上游,下游,空
第一类新闻,自动驾驶技术,空,优咔科技,雅安,中游,下游,空
第一类新闻,海上油田开采,空,中国船舶集团上海船舶研究设计院,中海油（中国）有限公司天津分公司,中游,下游,空。
第一类新闻,储能,抽水蓄能电站,南网储能,大姚县人民政府,下游,中游,空
第一类新闻,饮料,冷萃冻干咖啡,通达创智,瑞幸咖啡,中游,下游,空
第一类新闻,光电元器件,800G光模块,空,领先交换机设备厂商,空,空,空
第一类新闻,财税大模型,空,金财互联,华为,中游,中游,意向订单。
第一类新闻,建筑材料,空,浙江交工,空,中游,下游,17.51亿元
第一类新闻,光伏玻璃,空,"隆基,,,晶澳,,,晶科",上游,下游,空,满产满销状态。
第一类新闻,消费电子结构件涂料,空,广信材料,华为手机,中游,上游,空
第一类新闻,消费电子结构件涂料,空,广信材料,华为,中游,下游,空
第一类新闻,网络安全,空,天融信公司,华为公司,中游,上游,空。
第一类新闻,水利水电,积石山抽水蓄能电站项目预可行性研究阶段勘察设计,甘肃省水电设计院,广东省水利水电勘测设计研究院有限公司,"中游,,,下游",上游,2838万元
第一类新闻,空,空,ST八菱,赛力斯,中游,下游,空
第一类新闻,变性淀粉,空,宝立食品,宜瑞安贸易,下游,上游,空。
第一类新闻,二甲苯,华润化工国际贸易（上海）有限公司,汉邦（江阴）石化有限公司,上游,中游,每吨加价25元,合同有效期内预计产生代买收入不超过1175万元人民币
第一类新闻,矿产采掘,空,永兴新能源,永洲锂业,上游,中游,6.83亿元
第一类新闻,智能化项目,空,江苏中科智能系统有限公司,浙大邵逸夫医院绍兴院区,中游,下游,1.2亿元。
第一类新闻,电力行业,空,南方电网公司,空,供应商,下游,空
第一类新闻,空,汽车,阿里云计算有限公司,一汽-大众汽车有限公司,下游,中游,空
第一类新闻,半导体,空,ASML,Rapidus,中游,下游,空
第一类新闻,空,空,雷诺汽车公司,"日产汽车,三菱汽车",中游,下游,空
第一类新闻,空,空,阿里云,软通动力信息技术（集团）股份有限公司,中游,中游,空。
第一类新闻,车载天线产品,空,空,空,中游,空,空
第一类新闻,终端产品,空,南威软件,华为,中游,中游,空
第一类新闻,公路运输,空,浙江交工集团股份有限公司,空,下游,空,17.51亿元
第一类新闻,车轮,金固股份,江淮汽车,中游,下游,空,空。
第一类新闻,传动轴总成,华为问界M5车型,冠盛股份,赛力斯,下游,上游,空
第一类新闻,AIOT,意发功率,皇庭国际,国内知名头部企业,空,中游,空
第一类新闻,手机电池,欣旺达,华为,中游,下游,空,空。
第一类新闻,钠电正极材料,空,容百科技,头部电池客户,中游,中游,空
第一类新闻,GLP-1小分子药物,空,药石科技,客户,中游,下游,空
第一类新闻,进气系统,问界M5、M9,恒勃股份,问界,中游,下游,空。
第一类新闻,智算算力及行业AI领域,空,汇纳科技股份有限公司,恒为科技（上海）股份有限公司,中游,中游,空
第一类新闻,空,空,风华高科,华为,中游,上游,空。
第一类新闻,零部件,空,雷诺汽车公司,"日产汽车,三菱汽车",空,"上游,中游",空
第一类新闻,天然气,空,俄罗斯天然气工业股份公司,摩尔多瓦天然气公司,中游,下游,空
第一类新闻,天然气,空,俄罗斯天然气工业股份公司,摩尔多瓦天然气公司,上游,下游,空
第一类新闻,石油,空,俄罗斯,印度,中游,中游,178万桶/日
第一类新闻,电子元器件,笔记本电脑用触摸屏,莱宝高科,华为,下游,中游,空
第一类新闻,真空产品,汉钟精机,"机台商,,晶圆厂","中游,,下游",小批量,空,空
第一类新闻,电子元器件,空,英特尔,空,中游,空,空
第一类新闻,BAW滤波器,空,赛微电子,空,中游,空,空。
第一类新闻,光场屏,华阳多媒体,华为,上游,下游,空,空
第一类新闻,电动汽车,Lyriq SUV,通用汽车,空,上游,下游,空
第一类新闻,新能源乘用车,空,远东传动,"上汽通用五菱,,,江铃新能源汽车,,,北汽福田智蓝,,,江西五十铃","中游,,,中游,,,中游,,,中游",空,空
第一类新闻,人工智能计算,黄河昇腾服务器,黄河信产公司,"中原人工智能计算中心,,,青岛人工智能计算中心,,,北京门头沟人工智能计算中心,,,洛阳人工智能计算中心",上游,下游,空。
第一类新闻,铀燃料,空,Rosatom,孟加拉国,上游,下游,126.5亿美元
第一类新闻,卫星数据,空,珠海欧比特卫星大数据有限公司,高分辨率对地观测系统黑龙江数据与应用中心,上游,下游,空
第一类新闻,教育科技,空,新东方,河南万德福教育科技,中游,中游,空
第一类新闻,数字化终端产品,OpenHarmony,证通电子,空,中游,空,空
第一类新闻,单晶硅片,眉山通威,鸿新新能源,上游,买,45亿元,
第一类新闻,IT服务,一体化平台建设与转型升级项目服务,丽尚云环,科大讯飞,中游,下游,2253.30万元
第一类新闻,IT服务,一体化平台建设与转型升级项目服务,丽尚云环,科大讯飞,中游,上游,2253.30万元。
第一类新闻,高标准农田建设,空,棕榈股份,"中国农业科学院农田灌溉研究所,,,河南省豫资农业服务有限公司","中游,,,下游",上游,中标金额为9.62亿元
第一类新闻,航空金融,空,航新科技子公司天弘航空,天津东疆管委会,中游,中游,空。
第一类新闻,贸易数据,空,小商品城,人民网旗下平台人民数据,中游,下游,空
第一类新闻,多肽药物,空,义翘神州,空,中游,空,空。订单金额未提及。
第一类新闻,住宅项目,空,广东建星建造集团有限公司,空,中游,下游,7.99亿元
第一类新闻,城乡有机废弃物能源化资源化利用、沼气资源化高值化开发、生物天然气、碳减排,空,中电投绿能,维尔利,中游,下游,空
第一类新闻,充电桩,空,英维克,众多充电桩厂商,中游,中游,空
第一类新闻,空,空,得利斯,青岛新快进出口有限公司,中游,中游,空
第一类新闻,生物柴油,空,朗坤环境,瑞茂通供应链管理股份有限公司,下游,上游,空
第一类新闻,空,空,首航高科,中冶南方都市环保工程技术股份有限公司,上游,下游,6380万元
第一类新闻,钢结构,叠合梁,海波重科,保利长大工程有限公司,中游,下游,8880.40万元。
第一类新闻,新能源电磁扁线,金田股份,多家客户,下游,中游,空,空
第一类新闻,空,空,远东股份,子公司,下游,空,19.28亿元。
第一类新闻,机器视觉业务,空,安联锐视,华为公司,中游,上游,空
第一类新闻,"屏幕制造及整机组装智能化装备, 5G模块生产设备, 汽车电机电池组装智能设备",空,联得装备,华为,中游,中游,空
第一类新闻,空,视觉大模型,视觉中国,华为云,空,空,空
第一类新闻,空,空,青岛双瑞海洋环境工程股份有限公司,MAN ENERGY SOLUTIONS,下游,上游,空
第一类新闻,人工智能,空,荣科科技,华为,中游,下游,空
第一类新闻,汽车线缆,空,卡倍亿,赛力斯,中游,下游,空
第一类新闻,跨境支付,空,银联国际,携程金融,中游,下游,空
第一类新闻,智慧医院建设,空,润和软件,享易天下科技,上游,中游,空
第一类新闻,内存,HBM3E,空,三星电子,上游,空,空
第一类新闻,石油开采,陆地一体化技术服务,中海油服,大型石油公司,下游,上游,900000000元。
第一类新闻,汽车电子,空,"均胜电子,,,均胜普瑞",中游,下游,空,空
第一类新闻,空,负极,LG化学,丰田工程公司,中游,下游,2.86万亿韩元。
第一类新闻,空,BM-C-33FPSO项目,天津博迈科海洋工程有限公司,"Offshore Frontier Solutions Pte. Ltd.,,,ABB PTE. LTD.",中游,中游,1.4亿美元。
第一类新闻,空,空,澳柯玛,华为,空,空,空
第一类新闻,头发及头皮护理,馥绿德雅,皮尔法伯集团,橘宜集团,中游,下游,空。
第一类新闻,液冷充电桩,空,香山股份,赛力斯,生产,客户,空
第一类新闻,半导体,前道晶圆切割设备,北京大族天成半导体技术有限公司,客户,中游,下游,空
第一类新闻,半导体,后道封测设备,北京大族天成半导体技术有限公司,客户,中游,下游,空
第一类新闻,半导体,晶圆自动化传输设备,北京大族天成半导体技术有限公司,客户,中游,下游,空
第一类新闻,汽车,整车主路及支路安全保护,中熔电气,华为相关汽车,中游,上游,空
第一类新闻,物流服务,空,三态股份,菜鸟供应链公司,下游,中游,空。
第一类新闻,水利,空,甘肃省水利水电勘测设计研究院有限责任公司,空,中游,下游,1095万元
第一类新闻,矿山服务,空,赛摩智能,福建好运联联信息科技有限公司,中游,中游,空
第一类新闻,手机,铝合金新材料,和胜股份,华为,中游,下游,空
第一类新闻,视讯业务,传控软件,威创股份,万控软件,下游,中游,空
第一类新闻,汽车,低碳车轮产品,金固股份,阿凡达新能源汽车,中游,下游,空
第一类新闻,空,低碳AI算力中心及高效动力及储能电池PACK项目,中贝通信,合肥蜀山经济开发区管理委员会,中游,下游,空
第一类新闻,动力总成或新能源增程动力、气体机、AT产品,空,东安动力,13家汽车企业,上游,下游,空
第一类新闻,服务器芯片,空,ADTechnology Co.,海外客户,上游,下游,空
第一类新闻,电子元器件,空,苏州固锝,华为,中游,下游,空
第一类新闻,光学零部件,空,凤凰光学,华为,中游,中游,空
第一类新闻,空,华为终端、华为IT、华为云,创世漫道,华为公司,空,空,空。
第一类新闻,空,空,长虹电子控股集团有限公司,电子科技大学,中游,中游,空
第一类新闻,电力电子元器件,IGBT、MOSFET及二三极管产品,扬杰科技,华为,下游,上游,空
第一类新闻,汽车座椅,缝制加工设备,上工申贝,华为汽车,中游,下游,空
第一类新闻,零部件,中石科技公司,德系某Top3零部件供应商,下游,上游,空,空。
第一类新闻,LED车灯,空,安瑞光电,"问界汽车M5,,,问界汽车M7",上游,下游,空
第一类新闻,元宇宙产业,蓝标智播,蓝色光标,昆山经济技术开发区管理委员会,下游,上游,空
第一类新闻,汽车零部件,螺栓、管夹、快插接头、中冷管,Tier1客户,空,中游,空,空
第一类新闻,空,空,美亚柏科,华为,空,下游,空
第一类新闻,建筑业,空,用友网络科技股份有限公司,广联达科技股份有限公司,中游,中游,空。
第一类新闻,空,空,用友网络科技股份有限公司,广联达科技股份有限公司,中游,中游,空
第一类新闻,工业机器人,空,超捷股份,Tier1客户,中游,上游,空。
第一类新闻,光伏产业链,空,能辉科技,越秀新能源,上游,下游,空。
第一类新闻,IT产品,空,荣联科技,华为,中游,上游,空。
第一类新闻,空,空,铭利达,华为,中游,上游,空
第一类新闻,汽车零部件,减震密封产品,郑煤机子公司,问界,中游,下游,空。
第一类新闻,电池,全固态电池,出光兴产,丰田汽车公司,上游,下游,空
第一类新闻,PCB产品,空,深南电路,空,中游,空,空。
第一类新闻,城市生命线及安防领域,空,汉威科技,华为,中游,下游,空
第一类新闻,新能源汽车零部件,悬置、衬套等减震密封产品及电驱零部件,空,问界,下游,中游,空
第一类新闻,空,空,蒂森克虏伯航空,波音公司及其全球分包商网络,中游,下游,空。
第一类新闻,眼镜,空,博士眼镜,华为智能眼镜,中游,中游,空。
第一类新闻,飞机,"A320neo, A321neo",易捷航空,空客公司,下游,上游,订单金额：空
第一类新闻,智能交通,，空,华为,佳都科技,下游,上游,空
第一类新闻,低压电池,空,问界M5/M7系列车型,骆驼股份,空,上游,空。
第一类新闻,新能源电驱齿轮,福达股份,"吉利,,,比亚迪,,,舍弗勒,,,联合电子,,,株齿","下游,,,下游,,,中游,,,中游,,,中游",空,空,空
第一类新闻,车辆零部件,涂层产品,松井股份,赛力斯汽车,上游,下游,空
第一类新闻,手机摄像头模组,光洋股份,欧菲光,中游,下游,空,||
第一类新闻,温控领域,屏蔽齿轮泵,大元泵业,华为、中兴,下游,上游,空。注：由于未提及订单方向和金额，无法输出这两个特征。
第一类新闻,晶圆键合产品,Pollux,空,客户端,空,空,空
第一类新闻,车载光学解决方案,空,光峰科技,赛力斯汽车,上游,下游,空
第一类新闻,通信设备,空,"飞荣达,,,华为","中游,,,上游",空,空,空
第一类新闻,笔记本,空,"飞荣达,,,华为","中游,,,上游",空,空,空
第一类新闻,新能源汽车,空,"飞荣达,,,华为","中游,,,上游",空,空,空
第一类新闻,储能,空,"飞荣达,,,华为","中游,,,上游",空,空,空
第一类新闻,服务器,空,"飞荣达,,,华为","中游,,,上游",空,空,空
第一类新闻,手机,空,"飞荣达,,,华为","中游,,,上游",空,空,空
第一类新闻,钢铁产业,桥式起重机,大连重工,拉丁美洲某国家扩建钢厂,中游,下游,近亿元。
第一类新闻,石油,空,伊拉克能源部,新月石油公司,中游,上游,空
第一类新闻,在线设备及备件,空,中重科技,河北安丰钢铁集团有限公司,中游,下游,3.59亿元
第一类新闻,细胞治疗技术,空,济民医疗,日本小田医院,中游,中游,空
第一类新闻,空,空,辰安科技,华为,中游,上游,空。
第一类新闻,清洁能源,空,"浙江运达风电股份有限公司,,,南水北调集团新能源公司","上游,,,中游",空,空,空
第一类新闻,清洁能源,空,空,上游,南水北调集团新能源公司,空,空
第一类新闻,清洁能源,空,空,上游,浙江运达风电股份有限公司,空,空
第一类新闻,后备耕地资源,空,空,中游,阿拉善盟人和新能源科技有限公司,空,空
第一类新闻,有机肥,空,华绿生物科技股份有限公司,思威博生物科技有限公司,下游,下游,空
第一类新闻,半导体,空,怡佰(上海)电子科技有限公司,深圳星火半导体科技有限公司,中游,下游,空
第一类新闻,锂电池,空,赣锋锂业,安达科技,中游,中游,空
第一类新闻,通讯连接器产品,空,意华股份,华为,中游,中游,空
第一类新闻,整车,空,长久物流,上汽通用五菱汽车股份有限公司,下游,上游,空。
第一类新闻,路面预瞄系统,保隆科技公司,某头部自主品牌主机厂,生产企业,下游,上游,3亿元。
第一类新闻,人工智能AI,空,湘江鲲鹏,华为,中游,上游,空
第一类新闻,空,空,中交第三航务工程勘察设计院有限公司,宁波建工,上游,下游,14.76亿元
第一类新闻,电子变压器和电感器,空,京泉华,小米集团,中游,下游,空。
第一类新闻,人工智能产业,英伟达H800,上海润六尺科技有限公司,恒润股份,供应链位置未说明,中游,空
第一类新闻,液冷大功率线缆,空,远东股份,华为,中游,下游,空
第一类新闻,汽车零部件,自动泊车系统,豪恩汽电,某知名新能源汽车厂商,中游,下游,1.6亿元。
第一类新闻,轧机,空,中信重工机械股份有限公司,空,中游,上游,空
第一类新闻,电池防火材料,纤维纸产品,鲁阳节能,电池防火材料加工厂家,上游,下游,空
第一类新闻,空,被测产品,西测测试,华为,中游,下游,空
第一类新闻,射频器件,基站滤波器,春兴精工,下游客户,中游,下游,空
第一类新闻,VR版块,空,恒信东方,华为,中游,下游,空
第一类新闻,光伏发电系统,空,能辉智慧能源科技有限公司,赣辉新能源有限公司,下游,中游,订单金额：空
第一类新闻,户用分布式光伏电站运维服务,空,能辉智慧能源科技有限公司,赣辉新能,下游,中游,订单金额：空
第一类新闻,炼油产业链,TQ炼厂,北方国际公司,AWSAT Energy FZE公司,中游,中游,2000000000美元。
第一类新闻,空,空,"普洛药业,,,武汉合生","中游,,,下游","上游,,,中游",空,空。
第一类新闻,能源装备,多对棒还原炉设备及还原撬块,江苏双良新能源装备有限公司,西宁红石贸易有限公司,上游,下游,27472.40万元
第一类新闻,光模块,空,光迅科技,咨讯商,上游,下游,空
第一类新闻,激光,空,华工科技,远东控股集团有限公司,上游,中游,空
第一类新闻,算力服务器,NVLink算力服务器,上海润六尺,供应商A,中游,中游,"17,100万元,,,3,080万元"
第一类新闻,网络设备,数据中心交换机,锐捷网络,空,下游,中游,空
第一类新闻,5G天线罩材料,空,会通股份,华为,中游,下游,空
第一类新闻,空,空,会通股份,"赛力斯,,,小鹏",中游,下游,空
第一类新闻,LCP薄膜,空,普利特,智能驾驶、手机通信等领域的下游客户,中游,下游,空
第一类新闻,光学元器件,空,水晶光电产业链位置,空,供货公司：水晶光电,收货公司：华为,订单金额：空
第一类新闻,光学元器件,空,水晶光电,华为,中游,下游,空
第一类新闻,空,空,明阳智慧能源集团股份公司,北京纳米能源与系统研究所,上游,下游,空
第一类新闻,车用智能照明,空,晶方科技,空,中游,空,空
第一类新闻,空,空,Spirit AeroSystems,波音公司,中游,上游,空
第一类新闻,半导体芯片掩膜版,空,清溢光电,空,空,空,空
第一类新闻,芯片,金凸块,同兴达,奕力科技股份有限公司,中游,下游,空。
第一类新闻,航空,中机身壁板组件装配生产线,Broetje-Automation GmbH,浙江华瑞航空制造有限公司,上游,下游,1.24亿人民币
第一类新闻,云服务,空,卓易信息,空,上游,中游,空。
第一类新闻,汽车电子,空,广域铭岛,吉咖汽车电子（循咖科技）,上游,下游,空
第一类新闻,半导体,空,汉钟精机,机台商、晶圆厂,中游,中游,空。
第一类新闻,钢铁,空,宝武,空,中游,空,空
第一类新闻,钢铁,空,欧冶云商,空,中游,空,空
第一类新闻,云计算,空,"腾讯云计算（北京）有限责任公司,,,北京亿海蓝数据技术股份公司",空,中游,空,空
第一类新闻,空,空,"宁波鸿达电机模具有限公司,,,北京智谱华章科技有限公司,,,北京汇通天下物联科技有限公司,,,苏州利来工业智造股份有限公司",空,中游,空,空
第一类新闻,空,空,参天制药,苏州工业园区,下游,中游,空
第一类新闻,医疗设备,空,维力医疗,空,空,空,空
第一类新闻,惯导,空,华依科技,空,上游,中游,空
第一类新闻,IMU,空,空,华依科技,下游,中游,空
第一类新闻,供水压力管道,空,东宏股份,空,上游,下游,3.85亿元。
第一类新闻,供水工程压力管道,空,东宏股份,空,上游,空,385000000.0
第一类新闻,空,智能电动车,上汽集团,奥迪,中游,中游,空。
第一类新闻,微特电机,"空心杯电机, 音圈电机, 丝杆",空,江苏雷利,空,"中游, 上游",空
第一类新闻,智能座舱域控制器,德赛西威,"长安福特,,,吉利汽车,,,比亚迪汽车,,,广汽乘用车,,,合众汽车","下游,,,下游,,,下游,,,下游,,,下游",空,空,空
第一类新闻,光伏电源,逆变器,泰嘉股份,空,下游,空,空
第一类新闻,液化天然气,卡塔尔能源,壳牌公司,上游,下游,空,空
第一类新闻,空,空,华工科技产业股份有限公司,上海振华重工（集团）股份有限公司,下游,上游,空
第一类新闻,空,空,万里石,"叶西莫夫∙努尔阿合买提∙赛弋江乌乐,,,淏煜常盈,,,LIVING WATER",上游,空,空。
第一类新闻,污水处理,空,"中节能国祯工程有限公司,,,中节能国祯环保科技股份有限公司，中国华西工程设计建设有限公司",空,空,"中游,,,中游,,,中游",5.52亿元。
第一类新闻,空,空,科蓝软件,华为技术有限公司,空,空,空。
第一类新闻,电子装联,锡膏印刷设备,"凯格精机,,,HW","上游,,,中游,,,下游",空,空,空
第一类新闻,电子装联,点胶设备,"凯格精机,,,HW","上游,,,中游,,,下游",空,空,空
第一类新闻,电子装联,柔性自动化设备,"凯格精机,,,HW","上游,,,中游,,,下游",空,空,空
第一类新闻,空,空,广州资产管理有限公司,阿里巴巴淘天集团阿里资产,中游,下游,空
第一类新闻,景观设计,空,山水比德设计股份有限公司,家乐园地产,中游,下游,空
第一类新闻,电子特气,空,正帆科技,空,下游,空,空
第一类新闻,智能手机、智能穿戴,空,维信诺,多家头部品牌客户,中游,中游,空
第一类新闻,半导体制造设备,纳米压印掩膜版工艺,清溢光电,佳能公司,中游,空,空。
第一类新闻,婚姻服务,空,精图信息,正企良缘,下游,下游,空。
第一类新闻,空,空,华建集团上海现代建筑规划设计研究院有限公司,无锡市建筑设计研究院有限责任公司,上游,中游,空。
第一类新闻,综合性物业服务,空,深物业集团,国贸物业保定分公司,中游,下游,空
第一类新闻,3C精密模具、精密结构件,空,捷荣技术,3C行业终端品牌及ODM厂商,空,中游,空
第一类新闻,空,空,"云从科技,,,ToG侧供货公司",ToB端大客户、ToC端、SMB市场收货公司,上游,下游,空
第一类新闻,网络安全设备,空,网神公司,河北联通,中游,下游,千万级。
第一类新闻,新能源车,空,亿纬动力有限公司,荆门市公共交通集团有限公司,中游,下游,空。
第一类新闻,矿用开关柜,空,昇辉智能科技股份有限公司,黑龙江多宝山铜业股份有限公司,上游,下游,空。
第一类新闻,抗体药物,DXd,第一三共公司,默沙东公司,中游,上游,预付款40亿美元，未来里程碑最高支付220亿美元。
第一类新闻,光模块,空,九联科技,华为,中游,上游,空
第一类新闻,电力行业,AI大模型训练与应用,商汤科技,南方电网数字电网集团有限公司,中游,下游,空。
第一类新闻,RCC-M2、3级碳钢管件设备,龙泉股份全资子公司新峰管业,空,下游,下游,4579.67万元,
第一类新闻,零部件,空,丰田汽车公司,空,上游,中游,空
第一类新闻,服务器,空,"北信源,,,浪潮,,,HW,,,曙光,,,联想",空,空,空,空
第一类新闻,光电显示材料,空,新纶新材,小米,中游,下游,空
第一类新闻,环境光传感器,空,汇顶科技,华为公司,中游,下游,空。
第一类新闻,空,空,奥士康,超聚变,上游,下游,空。
第一类新闻,空,空,衡水老白干酿酒（集团）党委副书记、酒业公司总经理,河北科技大学技术转移中心主任,上游,中游,空
第一类新闻,船舶,空,华工科技,上海外高桥造船有限公司,空,空,空
第一类新闻,可再生能源,空,华为数字能源,Masdar,上游,中游,空
第一类新闻,XR,空,华星创业,三体宇宙,中游,中游,空
第一类新闻,动力电池及储能FPC、CCS模组,空,弘信电子,多家新能源厂商,空,空,空
第一类新闻,煤基特种燃料,空,中国航天科技集团有限公司六院,中国神华煤制油化工有限公司,中游,中游,空。
第一类新闻,氢能源,空,荣程新能科技集团有限公司,液空厚普氢能源装备有限公司,上游,下游,空。
第一类新闻,半导体耗材,空,三超新材,中芯国际旗下企业,上游,中游,空
第一类新闻,小商品,空,清华系人工智能公司—北京面壁智能科技有限责任公司,腾讯云计算（北京）有限责任公司,空,空,空。
第一类新闻,空,无人机,兵器工业集团,陕西省政府,空,空,空。
第一类新闻,电子元器件,英伟达多型号芯片,弘信电子,英伟达及相关渠道商,下游,中游,1e9。
第一类新闻,金刚线,空,江苏三泓,空,下游,空,空
第一类新闻,算力服务,空,平治信息,中国电信宁夏公司,中游,下游,1.5亿元。
第一类新闻,电讯设备,接入型M-OTN设备,初灵信息,中国电信,中游,下游,1353万元。
第一类新闻,空,文化强国馆,空,风语筑,中游,空,1.73亿元
第一类新闻,服务器软件,空,宝兰德,超聚变数字技术有限公司,中游,中游,空。
第一类新闻,网络设备、终端产品部件,华为,歌华有线,上游,下游,空,空
第一类新闻,液化天然气,卡塔尔能源公司,埃尼集团,上游,下游,空,27年。
第一类新闻,卫星通讯,空,信维通信,北美客户,中游,下游,空。
第一类新闻,神经科学领域,空,强生(上海)医疗器材有限公司,江苏畅医达医疗科技有限公司,中游,中游,空
第一类新闻,石油,空,韩国国家石油公司,沙特阿美,中游,上游,530万桶。
第一类新闻,空,空,韩国贸易保险公司,沙特阿美公司,空,下游,3000000000
第一类新闻,光学零部件,空,凤凰光学,华为,供应链位置未透露,下游,空
第一类新闻,智能座舱,空,华为技术有限公司,一汽解放汽车有限公司,中游,下游,空
第一类新闻,特殊应用材料,新劲刚,空,空,下游,空,空
第一类新闻,人工智能加速卡及配套产品,弘信电子,上海燧原科技有限公司,中游,下游,9152片,
第一类新闻,光伏,单晶炉控制系统、光伏级单晶炉及配套,晶升股份,四川高景太阳能科技有限公司,下游,中游,3.39亿元
第一类新闻,GPU资源,空,优刻得,空,中游,空,空
第一类新闻,太阳能电池组件,空,晶升股份,四川高景太阳能科技有限公司,中游,下游,3.39亿元。
第一类新闻,汽车,智能底盘系统,伯特利公司,吉利公司,中游,下游,空。
第一类新闻,磷酸铁锂正极材料,空,天原股份,小批量客户,上游,下游,空
第一类新闻,空,空,长安马自达汽车有限公司,重庆梧桐车联科技有限公司,中游,下游,空
第一类新闻,空,空,中国邮政集团有限公司,中国重型汽车集团有限公司,中游,中游,空
第一类新闻,空,空,成都亚光,特殊机构客户,中游,中游,2.53亿元
第一类新闻,热管理空调侧集成模块,空,腾龙股份,国内某自主品牌主机厂,中游,下游,5.99亿元。
第一类新闻,矿山行业,空,华为,"中国煤炭科工集团有限公司,,,北斗天地股份有限公司,,,鼎桥通信技术有限公司",空,空,空
第一类新闻,管路系统,空,川环科技,问界M9,上游,中游,空
第一类新闻,人工智能算力服务平台,空,天娱数科集团,山西数据技术有限公司,上游,中游,空
第一类新闻,AI、算力,空,超讯通信股份有限公司,沐曦集成电路（上海）有限公司,下游,下游,空。
第一类新闻,模具钢,FS438、LDC-i产品,抚顺特钢,奇瑞汽车股份有限公司,上游,下游,空
第一类新闻,空,光纤激光切割机、立体料库和自动化上下料系统,大族激光智能装备集团有限公司,徐工集团,下游,中游,空
第一类新闻,光伏组件设备,空,晶盛机电,空,中游,空,空。
第一类新闻,电动汽车充电基础设施,特斯拉充电器,英国石油公司,BP Pulse,上游,下游,空
第一类新闻,固态电池,空,恩捷股份,江苏三合,中游,下游,空
第一类新闻,航空快件,空,深圳机场,DHL,上游，中游,中游,租金递增
第一类新闻,AI技术,空,创业黑马,亿微征信服务有限公司,中游,下游,空。
第一类新闻,空,空,同益股份,惠乐喜乐机床（青岛）有限公司,中游,中游,空
第一类新闻,数据中心,空,润泽科技,空,中游,空,空
第一类新闻,家纺,空,空,空,空,空,空
第一类新闻,空,空,剑桥科技,控制成品库存,上游,空,空
第一类新闻,电动系统,"五十铃电动系统套件,,,三菱CANTER电动系统套件","YAMATO INDUSTRY CO., LTD.",公司,中游,上游,53.83亿元。
第一类新闻,斯鲁利单抗注射液,复宏汉霖,Intas,上游,中游,空,空
第一类新闻,精密模具设计和制造、自动化设备和高生产能力,空,深圳市柏明胜医疗器械有限公司,Revvity Inc.,中游,中游,空
第一类新闻,汽车零部件,新能源乘用车门板总成、主副仪表板总成,"常熟汽饰子公司：芜湖市常春汽车内饰件有限公司,,,余姚市常春汽车内饰件有限公司","芜湖市常春汽车内饰件有限公司：下游公司,,,余姚市常春汽车内饰件有限公司：下游公司","芜湖市常春汽车内饰件有限公司：中游公司,,,余姚市常春汽车内饰件有限公司：中游公司",空,空。
第一类新闻,钢琴铁板,珠江钢琴,惠州市力创五金制品有限公司,中游,下游,卖,1.3亿元。
第一类新闻,未知,贝泰妮,天猫,上游,中游,空,有效成交额
第一类新闻,数字基建,空,中石科技,空,上游,中游,空
第一类新闻,汽车零部件,制动钳产品,亚太股份,零跑汽车,下游,上游,空
第一类新闻,晶圆代工,空,英特尔,空,上游,空,空
第一类新闻,天然气,空,中华电力有限公司,香港电灯有限公司,上游,下游,空
第一类新闻,座椅,空,郑州天成汽车配件有限公司,上汽集团,下游,中游,24亿元。
第一类新闻,PCB,空,金信诺,空,中游,空,空。
第一类新闻,空,禹贡开源空间数据库,华为公司,超图软件,上游,中游,空。
第一类新闻,PSA氢气提纯,空,金发科技,空,上游,下游,空
第一类新闻,智能制造,空,熵基科技,英特尔,中游,中游,空。
第一类新闻,磷酸铁,天赐材料,空,下游公司,空,空,空
第一类新闻,航空货运,空,中国商飞公司,用户,中游,下游,空
第一类新闻,货运机,空,中国商飞公司,用户,中游,下游,空
第一类新闻,超导体,空,空,"中游,,,下游",空,空,空
第一类新闻,13英寸MacBook Pro,空,苹果公司,下游,空,空,空
第一类新闻,超导体,空,空,"中游,,,下游",空,空,空
第一类新闻,百兆车载以太网物理层芯片,空,裕太微,下游,空,空,空
第一类新闻,车载以太网,百兆车载以太网物理层芯片,空,"广汽,,,北汽,,,上汽,,,吉利,,,一汽红旗",空,"中游,,,中游,,,中游,,,中游,,,中游",空。
第一类新闻,特高压、配用电,换流阀,空,许继电气,空,上游,空
第一类新闻,特高压、配用电,智能电表,空,许继电气,空,上游,空
第一类新闻,算力服务,空,有方科技,中国电信宁夏公司,中游,下游,9500万元。
第一类新闻,土地出让和工程建设,空,宁波建工,空,中游,中游,"10.82亿元,,,8.23亿元"
第一类新闻,半导体,空,德龙激光,华为海思,中游,下游,空
第一类新闻,空,空,德方纳米,空,空,空,空
第一类新闻,方向丝杠,德迈仕,小米汽车,中游,下游,空,空。
第一类新闻,通信网络技术服务,空,纵横通信,华为,中游,上游,空
第一类新闻,空,空,阿里云公司,文化和旅游部市场管理司,中游,中游,空
第一类新闻,天然气,空,俄罗斯天然气工业股份公司,乌兹别克斯坦政府,上游,中游,空
第一类新闻,食品调料,空,海天味业,空,上游,下游,空
第一类新闻,污水处理,空,江西洪城水业环保有限公司,空,中游,中游,2186000000
第一类新闻,光电半导体材料,CMP抛光液、清洗液、PSPI,空,鼎龙股份,空,上游,空。
第一类新闻,小核酸,九洲药业,海外客户,中游,空,空,空
第一类新闻,金融IT,空,电科数字,客户,中游,中游,空
第一类新闻,空,空,可靠股份,养老机构,自身为上游公司，养老机构为下游公司,空,空
第一类新闻,空,华佳Mos联合解决方案,佳都科技,华为,中游,中游,空
第一类新闻,移动应用,空,华为,汤姆猫,中游,中游,空
第一类新闻,智能制造,空,铁汉建设,中国地质工程集团,中游,上游,4.99亿元
第一类新闻,电池箱总成、Busbar产品,长盈精密,问界汽车,中游,下游,空,空。
第一类新闻,储能电池,空,煜邦电力,空,中游,空,空
第一类新闻,风电,空,中国电建,泰国当地企业,中游,下游,订单金额空。
第一类新闻,空,空,城地香江,华为,中游,上游,空。
第一类新闻,天然气,空,俄罗斯天然气工业股份公司,"中国石油天然气集团公司,,,中国国家石油天然气管网集团有限公司",上游,下游,空
第一类新闻,天然气,空,俄罗斯天然气工业股份公司,吉尔吉斯斯坦政府,上游,下游,空。
第一类新闻,天然气,空,俄罗斯天然气工业股份公司,吉尔吉斯斯坦政府,上游,中游,空
第一类新闻,电力,空,俄罗斯天然气工业股份公司,吉尔吉斯斯坦政府,中游,中游,空
第一类新闻,汽车电子,AR-HUD,华阳多媒体,华为,下游,上游,空
第一类新闻,生态康养乡村旅游示范项目,勘察,云南省交通规划设计研究院股份有限公司,ST交投,中游,下游,175元/进尺米。设计也属于中游，但未给出公司名称以及金额。施工属于下游，优惠后费率为96.5%。
第一类新闻,大宗气体,空,侨源气体(眉山)有限公司,通威太阳能（眉山）有限公司,上游,下游,2.54亿元。
第一类新闻,燃气软管,空,天富能源,第八师石河子市,中游,下游,1.2亿元。
第一类新闻,存算一体芯片,恒烁股份,部分整车厂,中游,下游,空,空。
第一类新闻,晶圆载具,空,鼎龙蔚柏,某国内主流客户厂商,中游,下游,空
第一类新闻,智慧校园新基建,空,阿里云计算有限公司,华南师范大学,中游,下游,空。
第一类新闻,空,空,中国航信,阿里云,下游,下游,空
第一类新闻,小程序剧,空,唐德影视,腾讯、微信,空,空,空
第一类新闻,场地电动车,空,绿通科技,空,中游,空,空
第一类新闻,数据要素产业化,空,易华录信息技术股份有限公司,江苏省仪征市人民政府,中游,下游,空
第一类新闻,碳纤维产品,空,光大同创,大客户,中游,上游,空
第一类新闻,光伏,空,"拓斯达,,,隆基绿能,,,通威股份,,,晶澳科技,,,晶科能源,,,天合光能,,,阳光电源,,,华晟新能源","下游,,,下游,,,下游,,,下游,,,下游,,,下游,,,下游,,,下游",空,空,12亿元。
第一类新闻,电子产品,空,H公司,弘信电子的下游,H公司的上游,空,空
第一类新闻,数据中台,空,科大国创,安徽省交通规划设计研究总院,中游,中游,空。
第一类新闻,智能手机与智能汽车领域,空,CARIAD中国,vivo,中游,中游,空
第一类新闻,汽车内饰,空,安利股份,"丰田,,,长城,,,小鹏,,,比亚迪","中游,,,下游,,,中游,,,中游",空,空
第一类新闻,清洁能源,空,中国广核集团有限公司,贵阳市人民政府,中游,中游,空
第一类新闻,电动汽车,空,比亚迪,Enel X,上游,中游,空
第一类新闻,异质结,背面银浆,帝科股份,多家行业头部企业,"中游,,,下游","中游,,,下游",空
第一类新闻,磷酸锰铁锂,空,德方纳米,空,空,空,空
第一类新闻,无边框车型,空,"大众奥迪,,,吉利有极氪001及另外一款车型,,,奇瑞与华为合作的两款车型,,,北汽与华为合作的一款车型,,,上汽通用的一款新能源汽车",空,空,空,空
第一类新闻,半导体掩膜版,空,空,空,上游,空,空
第一类新闻,网络综合代维服务,空,润建股份有限公司,中国移动通信集团浙江有限公司,中游,下游,18255.74万元。
第一类新闻,车辆,北奔牵引车,北方车辆有限公司,易大宗控股有限公司,生产,销售,订单金额：空。
第一类新闻,磁共振引导聚焦超声脑部治疗技术,Insightec公司,复星医药,中游,中游,空,空
第一类新闻,电池制造,空,SK On,极星汽车,中游,下游,空
第一类新闻,汽车制造,顶盖产线,华为,中国联通,中游,下游,空。
第一类新闻,游戏开发,DLC,INTINY工作室,河马游戏,中游,中游,空
第一类新闻,民用航空,A320Neo飞机发动机，单项发动机零备件,南方航空集团,"CFM国际公司,,,国际航空发动机公司","上游,,,下游","下游,,,下游",11.1亿美元
第一类新闻,智慧移动服务平台,空,松下电器（中国）有限公司,祺迹汽车,上游,下游,空
第一类新闻,空,空,长安马自达汽车有限公司,中科创达软件股份有限公司,下游,中游,空
第一类新闻,存储,空,佰维存储公司,"联想,,,宏碁,,,同方,,,富士康","下游,,,下游,,,下游,,,下游",中游,空
第一类新闻,节能,空,中节能建设工程设计院有限公司,节能铁汉,中游,下游,1.78亿元
第一类新闻,座椅骨架,空,上海沿浦公司,重庆沿浦公司,中游,下游,空
第一类新闻,接入网PON设备,空,震有科技,"中国广电重庆网络股份有限公司,,,重庆广播电视信息网络有限公司",下游,上游,空
第一类新闻,数据安全,空,绿盟科技集团股份有限公司,天道金科股份有限公司,中游,上游,空
第一类新闻,汽车零部件,阿凡达低碳车轮,金固股份,该新能源汽车主机厂,中游,上游,空。
第一类新闻,密码芯片,空,三未信安,空,下游,空,空
第一类新闻,航空运输,空,春秋航空,空,中游,空,空
第一类新闻,管道氮气制备,空,侨源气体(眉山)有限公司,通威太阳能（成都）有限公司,中游,下游,3.75亿元。
第一类新闻,超算中心服务,空,神州数码,空,下游,上游,空。
第一类新闻,空,病理平台生态链,爱琅中国,上药康德乐,空,空,空
第一类新闻,铁路产业综合服务,空,八钢公司,中国铁路物资股份有限公司,中游,中游,空
第一类新闻,液冷测试设备,空,强瑞技术,中兴,中游,下游,空
第一类新闻,新能源,空,三峡能源,林德中国,中游,中游,空
第一类新闻,智算中心,空,润六尺科技有限公司,芜湖高新技术产业开发区管理委员会,中游,中游,空
第一类新闻,空,土壤普查内业化验检测项目,空,海南省,中游,空,7218万元
第一类新闻,智能汽车,空,虹软科技,赛力斯,中游,中游,空。
第一类新闻,3C产品,空,晶华新材,空,中游,下游,空
第一类新闻,3C产品,空,晶华新材,空,上游,下游,空
第一类新闻,商场房地产,空,美凯龙,空,上游,中游,"人民币8,891,618.74元。"
第一类新闻,工业气体,空,侨源气体(眉山)有限公司,四川金象赛瑞化工股份有限公司,中游,下游,3.80亿元。
第一类新闻,光刻胶,PHS树脂及其衍生物,八亿时空,国内部分光刻胶生产企业,中游,下游,空
第一类新闻,药品,拉考沙胺口服溶液、胞磷胆碱钠注射液、葡萄糖酸钙注射液、奥美沙坦酯氢氯噻嗪片、赛洛多辛胶囊,华润双鹤,全国药品集中采购,中游,中游,空
第一类新闻,药品,头孢替安,哈药总厂,集采采购中标方,下游,中游,空。
第一类新闻,平衡车部件,宝武镁业,小米,中游,下游,空,空。
第一类新闻,智能矿山,多维云GIS平台、地测采保障系统、安全环保管理系统、矿山数字孪生平台,龙软科技,"江西铜锐信息技术有限公司,,,北京大学南昌创新研究院",中游,中游下游,空。
第一类新闻,钠离子电池,"深圳钠元,,,上海智租物联有限公司","上游,,,中游",空,空,空,空
第一类新闻,空,空,港中旅酒店有限公司,君亭酒店集团,中游,中游,空。
第一类新闻,空,智能制造、数智化创新,思谋科技,"松下电器,,,江森自控","中游,,,上游",空,空。
第一类新闻,电子元器件,芯片电感产品,铂科新材,空,上游,中游,空
第一类新闻,芯片电感产品,空,铂科新材,空,中游,空,空
第一类新闻,机载产品,空,安达维尔,中国商飞,中游,中游,空
第一类新闻,人工智能,ChatGPT,OpenAI,空,空,供货公司的产业链位置与收货公司的产业链位置未说明,空。
第一类新闻,空中客车,空客A321客改货飞机,四川飞机维修工程有限公司,四川赛德航空科技有限公司,中游,中游,空客项目改装订单金额为“空”。
第一类新闻,空,供应链集成服务,中国铁物公司,八钢公司,中游,中游,空
第一类新闻,空,空,中国原子能工业有限公司,中国原子能科学研究院,中游,中游,空
第一类新闻,先进封装,空,回天新材,空,上游,中游,空
第一类新闻,接触网关键零部件,空,高铁电气,雄安高速铁路有限公司,中游,下游,1.09亿元
第一类新闻,结构件产品,空,恒铭达,空,上游,空,空
第一类新闻,空,空,广电计量,赛力斯,空,空,相关业务量较小。
第一类新闻,AI大模型,空,久其软件,部分国内大模型,空,空,空
第一类新闻,多个品类,空,华勤技术,华为,中游,上游,空
第一类新闻,数字银行,空,宇信科技,新疆金融机构,中游,中游,空
第一类新闻,铁路通信,空,思维列控,空,中游,空,空
第一类新闻,空,空,焦点科技,MIC国际站,下游,中游,空
第一类新闻,船舶制造,空,苏美达,空,中游,下游,空
第一类新闻,水环境治理,空,中电环保,中国市政工程西南设计研究总院有限公司,下游,中游,空
第一类新闻,主要原材料,空,国恩股份,小米供应链,中游,下游,空
第一类新闻,空,空,京东物流,无限极（中国）有限公司,中游,下游,空
第一类新闻,生态建设,空,岳阳林纸,空,上游,下游,空
第一类新闻,汽车,部分结构件,铭利达,小米公司,上游,下游,空
第一类新闻,海水提钾,空,东方集团,联合能源集团有限公司,空,空,空
第一类新闻,储能,空,昆仑绿能（宁夏）科技有限责任公司,公司及控股子公司宁夏瀚维智造科技有限责任公司,中游,下游,空
第一类新闻,siRNA药物,圣因生物医药有限公司,华东医药股份有限公司的全资子公司杭州中美华东制药有限公司,中游,下游,空,空。
第一类新闻,空,空,长江材料,小米集团,空,空,空。
第一类新闻,数字人民币,空,"恒生银行,,,建设银行","下游,,,下游",空,空,空
第一类新闻,MiniLED芯片,空,深康佳A,内部和外部客户,中游,中游,空
第一类新闻,MicroLED芯片,空,深康佳A,业内厂商,中游,中游,空
第一类新闻,Mini直显产品,空,深康佳A,战略客户,中游,中游,空
第一类新闻,人工智能,空,飞利信,海致星图,中游,上游,空
第一类新闻,海上风电,空,上海电气,日立能源,中游,中游,空
第一类新闻,空,空,致远互联,科伦药业,中游,下游,空
第一类新闻,磁性材料,空,恒帅股份,空,上游,中游,空
第一类新闻,隔膜,空,恩捷股份,"LGES,,,Ultium,,,松下,,,PPES,,,海外某大型车企,,,法国ACC",下游,空,增长。
第一类新闻,输变电设备,空,长高电新全资子公司,国家电网有限公司,中游,下游,1.74亿元。
第一类新闻,发动机控制单元,菱电电控,理想汽车科技有限公司,中游,下游,空,空
第一类新闻,半导体封装,空,利和兴公司,客户,中游,下游,空
第一类新闻,设备,空,设备供应商,中芯国际,上游,中游,51亿美元。
第一类新闻,算力芯片,空,莲花健康,空,中游,空,空
第一类新闻,算力服务器,空,莲花健康,空,中游,空,空
第一类新闻,电工合金,高压连接件,空,小米汽车,上游,下游,空。
第一类新闻,语言模型,空,微软公司,空,中游,空,空
第一类新闻,医疗行业,空,海思太科,公安部,中游,中游,空
第一类新闻,智能座舱域控制器,德赛西威,"理想汽车,,,奇瑞","中游,,,中游",空,空,空
第一类新闻,天然气,空,俄罗斯天然气工业股份公司,空,上游,空,空
第一类新闻,TPU,空,美瑞新材,空,下游,中游,空
第一类新闻,新能源汽车,空,东风日产合资企业,空,上游,空,空
第一类新闻,空,737 MAX,波音公司,利雅得航空公司,中游,下游,空。
第一类新闻,空,空,中国航空技术国际工程有限公司,空,上游,空,空。
第一类新闻,鱼虾产品,空,通威集团有限公司,海南省文昌市政府,中游,中游,空
第一类新闻,矿山机械,空,路凯智行科技有限公司,徐州徐工矿业机械有限公司,中游,中游,空
第一类新闻,车载光学核心器件,空,光峰科技,空,空,中游,空
第一类新闻,消费类锂离子电池,空,空,空,中游,空,空
第一类新闻,算力,空,佳都科技,空,上游,空,空
第一类新闻,空,空,华康医疗,"湖北工建集团第三建筑工程有限公司,,,合力建设有限公司,,,湖北省建筑设计院有限公司",空,"上游,,,中游,,,中游",3.42亿元。
第一类新闻,城市及道路照明工程,空,时空科技公司,中国十九冶集团有限公司,中游,下游,4104万元。
第一类新闻,水务,空,东宏股份,山东晟润水务集团有限公司,供应链位置未知,下游,3亿元。
第一类新闻,农业机械,空,先正达集团,凯斯纽荷兰工业集团,中游,中游,空。
第一类新闻,电池,空,金杨股份,比亚迪,上游,中游,空
第一类新闻,矿砂,旋翼帆,"淡水河谷,,,Asyad","中游,,,空",空,空,3000吨二氧化碳当量的排放。
第一类新闻,空,空,鸿路钢构,山东冠洲股份有限公司,上游,下游,空
第一类新闻,电子元器件,空,商络电子,小米手机,中游,下游,空。
第一类新闻,GPU模组及基板,空,工业富联,重要客户,中游,中游,空
第一类新闻,矿产资源,空,八钢国际贸易公司,"欧亚资源,,,蒙古能源",中游,"中游,下游",50亿元。
第一类新闻,空,空,埃斯顿,"蜂巢能源科技股份有限公司,,,章鱼博士智能技术（上海）有限公司",空,空,空
第一类新闻,医用同位素,齐康原医疗科技（常州）有限公司,烟台东诚核医疗健康产业集团有限公司,unspecified,上游,空,空
第一类新闻,航空燃料,空,波音公司,Zero Petroleum,中游,中游,空。
第一类新闻,医疗,医用同位素,烟台东诚核医疗健康产业集团有限公司,Eckert & Ziegler Radiopharma Projekte UG,中游,中游,空亿元
第一类新闻,露天采矿,空,成远矿业开发股份有限公司,西藏翔龙矿业有限公司,上游,下游,"200,000,000元/年"
第一类新闻,能源,石油,空,沙特,"中游,,,下游",空,空
第一类新闻,半导体封装材料,引线框架、键合丝,空,国内外半导体封装测试企业,空,空,空
第一类新闻,海洋系列项目,空,中天科技海缆股份有限公司,中天科技集团海洋工程有限公司,中游,下游,20.42亿元。
第一类新闻,电力,空,法国电力公司(EDF),空,下游,空,高电力价格的消费者永久保护机制。
第一类新闻,空,空,中国中冶,空,空,供应,10818.2亿元
第一类新闻,通讯设备,eLTE,华体科技,华为,下游,中游,空
第一类新闻,锂电池,面密度测厚仪,空,比亚迪,空,中游,空。
第一类新闻,空,空,阿里云公司,文化和旅游部市场管理司,中游,上游,空
第一类新闻,空,空,巨轮智能公司,藦卡机器人公司,上游,下游,空
第一类新闻,电子元器件,PCB产品,空,三星,上游,中游,空
第一类新闻,车用配件,空气悬架,天润工业,空气悬架制造商,售后市场维修商,空,空
第一类新闻,VR,生产设备,深科达,空,下游,空,空
第一类新闻,MR,生产设备,空,空,客户端,空,空
第一类新闻,空,空,上海港湾,盐城港集团,中游,中游,空。
第一类新闻,输变电项目,变电设备（含电缆）,"北京中电普华信息技术有限公司,,,安徽继远软件有限公司,,,北京中电飞华通信有限公司,,,四川中电启明星信息技术有限公司",国家电网有限公司,中游,下游,10.42亿元
第一类新闻,空,空,北京中电普华信息技术有限公司、安徽继远软件有限公司、北京中电飞华通信有限公司、四川中电启明星信息技术有限公司,国家电网有限公司,中游,上游,"104,246.47万元"
第一类新闻,AI算力服务,空,中贝通信,北京中科新远科技有限公司,中游,下游,3.46亿元
第一类新闻,广告人工智能,空,腾讯控股,空,上游,空,空
第一类新闻,可再生能源供应,空中客车公司,国家电投,空中客车公司产业链位置,国家电投产业链位置,空,空
第一类新闻,涡桨飞机,ATR 72-600,Abelo,空,下游,空,订单金额空。
第一类新闻,空,网络推广服务,亿田智能,合肥三只羊网络科技有限公司,空,空,空
第一类新闻,药品,甘油果糖氯化钠注射液,华仁药业（日照）有限公司,空,下游,买,空
第一类新闻,硬件制造服务,问界,"深海,,,吉利,,,广汽,,,赛力斯,,,小鹏","中游,,,中游,,,中游,,,中游,,,中游","下游,,,下游,,,下游,,,下游,,,下游",空,M9订单
第一类新闻,物流资产,空,黑石集团,意向买家,中游,空,超百亿元。
第一类新闻,Micro-LED,空,深天马A,"全球头部车企,,,国内顶尖PID终端厂商,,,头部消费品牌客户",空,空,空
第一类新闻,通信行业服务,空,天源迪科,华为,中游,上游,空
第一类新闻,汽车部件认证,空,"兆威机电,,,德国博世",空,空,空,空
第一类新闻,液化天然气,罐顶泄放阀和安全阀,中国航天科技集团有限公司六院,中国石化天然气分公司青岛液化天然气接收站,中游,下游,空。
第一类新闻,电子专用材料,空,唯特偶,南方科技大学,上游,上游,空。
第一类新闻,电子元器件,"ROHM,JAE,LUMILEDS,KDS,ST,ON",力源信息,小米及其代工厂,中游,下游,空
第一类新闻,钙钛矿电池,空,京山轻机,空,上游,空,空
第一类新闻,电子元器件,"ROHM,JAE,LUMILEDS,KDS,ST,ON",力源信息,小米及其代工厂,中游,下游,空
第一类新闻,空,空,京泉华,小米集团,中游,下游,空。
第一类新闻,空,空,丝路视觉,八马茶业,中游,中游,3亿元人民币。
第一类新闻,电子元器件,相控阵天线,盟升电子,空,工程研制,空,空
第一类新闻,空,G5京昆高速汉中至广元段（四川境）扩容工程,四川路桥,四川广绵高速公路,中游,下游,157.4亿元
第一类新闻,物联网基础硬件,蜂窝基带芯片,空,翱捷科技,空,中游,空
第一类新闻,医药,舒沃哲®,迪哲医药,空,空,后续开发,空
第一类新闻,自动驾驶,空,轻舟智航,理想汽车,上游,中游,空
第一类新闻,冷藏,空,海容冷链,多家饮料行业头部品牌,中游,上游,空
第一类新闻,内外饰件,空,双林股份,小米汽车,中游,下游,空
第一类新闻,民用飞机,空,西测测试,多个民机客户,上游,下游,空
第一类新闻,光伏电池,光伏感光胶,广信材料,"多家下游太阳能电池企业,,,设备制造商",空,下游,空
第一类新闻,空,钨丝金刚线,东尼电子,"宁德时代,,,赛力斯","下游,,,下游",空,
第一类新闻,PCIE的算力加速卡、网络加速卡,空,沪电股份,黄石厂,中游,中游,空
第一类新闻,交换机产品,空,沪电股份,空,上游,中游,空
第一类新闻,算力网络,空,沪电股份,空,中游,中游,空
第一类新闻,半导体EDA仿真测试用PCB,空,沪电股份,空,下游,下游,空
第一类新闻,锂盐提取,空,"亿纬锂能,,,金海锂业","上游,,,中游",空,空,空
第一类新闻,电动汽车充电基础设施,空,国轩高科德国,Pod Point,上游,下游,空
第一类新闻,新能源,空,豪森股份,空,上游,空,空
第一类新闻,电池储能,空,瑞浦兰钧能源股份有限公司,格盛力新能源科技（广东）有限公司,中游,中游,空
第一类新闻,等速传动轴产品,空,远东传动,奇瑞公司,中游,下游,空
第一类新闻,新能源,空,广汽能源科技有限公司,支付宝(杭州)信息技术有限公司,中游,中游,空。
第一类新闻,半导体,空,Rapidus公司,Leti,上游,中游,空
第一类新闻,空,空,南方电网公司,华为技术有限公司,中游,中游,空
第一类新闻,航空发动机,遄达XWB-84,"罗尔斯-罗伊斯,,,埃塞俄比亚航空","上游,,,下游",买,空,TotalCare综合维护服务。
第一类新闻,空,空,百洋医药,"广东瑞迪奥科技有限公司,,,北京迈迪斯医疗技术有限公司",空,空,空
第一类新闻,空,南汽电池PACK,中汽工程,南京汽车集团,中游,下游,1.71亿元
第一类新闻,油气,空,Ecopetrol SA,Petroleos de Venezuela,空,空,空
第一类新闻,整车制造,空,福田汽车公司,ECS公司,中游,中游,空
第一类新闻,政企智能服务,空,创业黑马公司,中国联通旗下山西产互联网有限公司,下游,下游,空
第一类新闻,政企智能服务,空,创业黑马,"山西产互,,,东华软件","下游,,,下游",空,空
第一类新闻,空,仓储物业运营,浙江东日股份有限公司,海南临空产业发展集团有限公司,中游,下游,空
第一类新闻,超大型压铸机,伊之密,"一汽,,,长安","中游,,,中游","上游,,,上游",空,空
第一类新闻,汽车零部件,空,多利科技,理想汽车,中游,下游,空
第一类新闻,Mini LED显示,COB,瑞丰光电,空,中游,空,空。
第一类新闻,输入类设备,空,传艺科技,小米,供应商,合格供应商,空
第一类新闻,工业智能物流领域,3D机器视觉技术,柯轩智能科技有限公司,智慧工厂,"自动化物料配送,工业设备精准上下料",空,空。
第一类新闻,汽车零部件,空,成飞集成,北京汽车越野车公司,中游,上游,空
第一类新闻,数字内容,XR拍摄技术,空,公司,下游,空,空
第一类新闻,复合双极板产品,岱勒新材,翌上新能源,中游,下游,空,空。
第一类新闻,新能源装备,空,华昌达,隆基绿能,中游,下游,空
第一类新闻,电池制造,空,万润新能,襄阳弗迪,上游,下游,空
第一类新闻,光学镜头,空,欧菲光,主流手机厂商,中游,下游,空
第一类新闻,空,生成式人工智能,Wipro,英伟达,中游,中游,空
第一类新闻,液化天然气,空,阿曼液化天然气公司,英国石油公司,上游,下游,空
第一类新闻,电力充电服务,空,麦当劳法国公司,Izivia,中游,下游,空
第一类新闻,机械设备,硅棒磨倒一体加工中心,南京三芯,光伏客户,中游,下游,1300万元。
第一类新闻,电池包,空,大众汽车（安徽）零部件有限公司,大众安徽整车,供应链位置空,下游,空
第一类新闻,食品,空,三全食品,"华润标超,,,中百便民,,,丹尼斯全日鲜,,,罗森,,,全家,,,7eleven","上游,,,上游,,,中游,,,中游,,,中游,,,中游",空,空
第一类新闻,电池,磷酸铁锂,宁德时代新能源科技股份有限公司,Stellantis集团,中游,下游,空
第一类新闻,水产品,空,盒马物联网有限公司,国联水产,上游,下游,5亿元/年。
第一类新闻,鞋材,TPU产品,美瑞新材,国内知名运动品牌,"中游,,,下游",上游,空
第一类新闻,智能座舱业务,空,当虹科技,多家车企,上游,下游,空
第一类新闻,新能源新材料,空,安吉巨峰,海希智能（浙江）,中游,下游,1.39亿元。
第一类新闻,公路建设,未说明,北新路桥,顺通路桥,中游,中游,4.5亿元
第一类新闻,道路建设,空,北新路桥，新疆顺通路桥,空,中游，中游,供应,4.50亿。
第一类新闻,空,蓝田县秦岭北麓主体山水林田湖草沙一体化保护和修复工程项目第二批11个县级子工程项目EPC总承包二标段,未知公司,子公司,未知位置,中游,25980万元。
第一类新闻,OCR应用,空,远光软件,多家大型央企集团,"中游,,,上游","上游,,中游",空
第一类新闻,媒体营销服务,空,元隆雅图,抖音,中游,中游,空
第一类新闻,液化天然气,空,雪佛龙公司,空,上游,中游,空
第一类新闻,生物医药,胶原蛋白海绵,奥精医疗,NMPA器审中心,空,空,空
第一类新闻,新能源,继电器,美硕科技,"上汽大通,,,零跑,,,哪吒","中游,,,下游,,,下游","中游,,,下游,,,下游",空
第一类新闻,空,空,冠中生态,广西融诚,下游,下游,2.6亿元。
第一类新闻,机器人,空,中威电子子公司：华夏天信（北京）机器人公司,河南东南实业,中游,中游,空。
第一类新闻,电子元器件,单晶硅棒机加设备项目,南京三芯,国内某光伏头部企业,中游,上游,空。
第一类新闻,土建工程,空,腾达建设,杭州市地铁集团有限责任公司,中游,下游,6.96亿元。
第一类新闻,光伏建筑,建筑幕墙工程,京耀新能源,亚厦股份,上游,下游,订单金额：14088.80万元。
第一类新闻,LED芯片技术,空,深天马A,三安半导体,中游,中游,空。
第一类新闻,空,空,杭钢集团,浙江火电建设有限公司,下游,中游,空
第一类新闻,电气设备,空,宝鸡保德利电气设备有限责任公司,渝万铁路有限责任公司,下游,中游,6256.36万元(含税)
第一类新闻,盐化工,空,中盐集团,榆林市政府,中游,中游,空。
第一类新闻,空,空,亚太股份,"零跑汽车,,,合众汽车",中游,下游,空
第一类新闻,高速铁路,空,宝鸡保德利电气设备有限责任公司,渝万铁路有限责任公司,上游,中游,6256.36万元
第一类新闻,背板设计和配套包装材料,空,京华激光,"小米,,,vivo,,,oppo",中游,中游,空。
第一类新闻,背板,空,京华激光,"小米,vivo,oppo",中游,中游,空
第一类新闻,航空板,空,南山铝业,空,中游,下游,空。
第一类新闻,光敏剂,空,久日新材,日、韩等国外企业,中游,下游,空
第一类新闻,光伏,空,晶澳科技,CJ Olivenetworks Vina,上游,中游,空。
第一类新闻,可再生能源,空,ERG Power Generation,意法半导体意大利业务,上游,下游,空
第一类新闻,空,空,罗博特科,时创能源,中游,下游,1.115亿元人民币。
第一类新闻,液化天然气（LNG）运输,LNG GENEVA号,中国船舶集团旗下沪东中华造船（集团）有限公司,空,下游,空,空
第一类新闻,新能源车,PVDF锂电粘结剂、特种氟橡胶、玻璃包边组合料等聚氨酯产品,昊华科技,空,上游,下游,空
第一类新闻,光伏,组件,文科园林,"通威股份,,,隆基绿能",空,空,空
第一类新闻,液化天然气运输,LNG,中国船舶集团有限公司,空,供应链位置为空,下游,订单金额空
第一类新闻,影视媒体,短剧,幸福蓝海,版权剧、短剧、网剧、网大,空,下游,空
第一类新闻,玻璃基线路板,沃格光电,空,中游,空,空,空。
第一类新闻,乙烷/乙烯运输,空,中集太平洋海工,Petredec,中游,空,订单金额空。
第一类新闻,电池,空,蜂巢能源,杰瑞环保,上游,下游,空
第一类新闻,空,储蓄保险计划,中国太平人寿保险(香港)有限公司,空,下游,空,空
第一类新闻,空,湾区门诊保障计划,中国太平人寿保险(香港)有限公司,空,下游,空,空
第一类新闻,空,空,海晨股份,乌兹别克斯坦交通部,中游,中游,空
第一类新闻,燃机,空,中国航发燃机,"中国海油能源发展装备公司,,,中国海油湛江分公司涠洲终端,,,东北院国际工程公司,,,中天钢铁集团",空,"上游,,,下游,,,中游,,,中游",空。
第一类新闻,航空虚拟仿真,B737-800,空,"中国商飞,,,希眉罗集团",空,空,空
第一类新闻,石化设备钢结构,日上集团,"卡塔尔RAS乙烯项目,,伊拉克油气设施项目",上游,空,空,
第一类新闻,PVC,空,"镇洋发展,,,PVC下游客户或潜在客户",空,空,空,空。
第一类新闻,天然气,空,俄罗斯天然气工业股份公司,土耳其博塔什油气管道公司,中游,下游,空
第一类新闻,空,空,自然资源部信息中心,华为技术有限公司,中游,中游,空
第一类新闻,空,空,Salesforce,亚马逊网络服务公司,中游,上游,空。
第一类新闻,数字人民币,空,城银清算服务有限责任公司,恒生中国,中游,下游,空
第一类新闻,汽车零部件,空,德赛西威,长安汽车,中游,下游,空。
第一类新闻,钢丝及钢丝绳,空,巨力索具,河南公司,下游,上游,2179.55万元
第一类新闻,空,空,德赛西威,长安汽车,中游,下游,空
第一类新闻,空,空,棕榈股份,郑州航空港区豫泰建设发展有限公司,中游,下游,3.22亿元。
第一类新闻,产业链金融,空,中国移动通信集团有限公司,中国民生银行股份有限公司,中游,中游,空
第一类新闻,光敏剂,空,久日新材,下游客户,上游供应商,空,空
第一类新闻,管路系统,空,川环科技,长安汽车集团,中游,下游,空
第一类新闻,科学仪器,吉利未来出行星座,空,空,供应商产业链位置,收货商产业链位置,空
第一类新闻,煤矿智能化专业应用产品,空,龙软科技,华为,中游,上游,空
第一类新闻,互连产品,空,陕西华达,空,空,下游,空。
第一类新闻,车联网,空,东华软件,空,中游,空,空
第一类新闻,煤层气,空,蓝焰煤层气公司,空,中游,空,空
第一类新闻,空,空,同星科技,长安,空,空,空
第一类新闻,空,换电服务,天奇新动力（无锡）有限公司,蔚来控股蔚来武汉蔚能电池资产有限公司,空,空,空。
第一类新闻,电力,空,国家电网有限公司,空,上游,空,空。
第一类新闻,CCUS、风光发电、氢能、储能与源网荷储一体化、地热供暖,空,中国石油天然气股份有限公司,空,供货公司产业链位置,空,
第一类新闻,基础设施,空,中国建筑集团有限公司,"河北省人民政府,,,石家庄市人民政府",中游,中游,空
第一类新闻,医疗器械,空,蓝帆医疗公司,中国医疗器械有限公司,上游,下游,空
第一类新闻,空,空,星源材质,"LG Energy Solution,Ltd.",中游,中游,空
第一类新闻,汽车热交换器,ST八菱,长安汽车,中游,下游,空,空。
第一类新闻,车灯,投影装置,华为技术有限公司,空,下游,空,空
第一类新闻,汽车,空,华安鑫创,长安汽车,中游,下游,空
第一类新闻,智能汽车,空,华为,"北汽,,,赛力斯,,,江淮,,,奇瑞",上游,中游,空
第一类新闻,汽车内饰件,福赛科技,墨西哥福赛,中游,下游,3000万美元,
第一类新闻,车载通信产品,空,高新兴,长安汽车,中游,下游,空
第一类新闻,复合铜箔,空,三孚新科,意向性客户,中游,中游,订单金额空。
第一类新闻,车身件,空,博俊科技,长安汽车,中游,下游,空
第一类新闻,新能源汽车,空,德宏股份,长安汽车,中游,下游,空
第一类新闻,汽车转向系统总成及关键部件,空,浙江世宝,长安汽车,中游,下游,空
第一类新闻,水泥,中材节能,沙特利雅得水泥公司,下游,中游,空,13兆瓦。
第一类新闻,光伏,空,晶澳科技,厦门国贸,上游,中游,空
第一类新闻,大型动力锂电池,比亚迪集团弗迪电池有限公司,终端客户,中游,下游,空,订单金额空
第一类新闻,煤、焦、钢,空,国贸公司,山西美锦能源集团,空,空,空
第一类新闻,民用航空,空中出租车业务,巴西航空工业公司,沙特政府及公司,空中出租车业务空,空,空
第一类新闻,储能电站,空,天津奥联,中国电建江西电建公司,中游,下游,1.68亿元人民币。
第一类新闻,设备,空,广电运通,广州数据集团,中游,上游,4.73亿元
第一类新闻,橇装设备,空,中寰股份,空,上游,中游,空
第一类新闻,车身结构件产品,铭科精技,长安汽车,下游,上游,空,空。
第一类新闻,风光储充和源网荷储一体化综合能源/低碳园区,空,霍普珀科新能源有限公司,厦门市翔安区人民政府,上游,下游,空。
第一类新闻,碳资产,空,福星宝碳,中化能科碳资产运营,下游,中游,空
第一类新闻,人工智能,空,北京瑞斯康达数字科技有限公司,空,上游,中游,空
第一类新闻,空,空,汉得信息,字节,中游,中游,空
第一类新闻,导光板,天禄科技,京东方,中游,下游,空,空
第一类新闻,工业机器人,视觉系统和智能装备,凌云光,"富士康,,,京东方,,,宁德时代",下游,下游,空。
第一类新闻,尼龙流体管路、精密注塑件,空,溯联股份,长安汽车旗下品牌,中游,下游,空
第一类新闻,智能制造,空,阿尔特,北京亦庄智能城市研究院集团有限公司,下游,下游,空。
第一类新闻,口腔医疗,空,登康口腔,拼多多平台,中游,下游,空
第一类新闻,空,空,环球印务,拼多多,空,空,空。
第一类新闻,汽车,空,隆基机械,奇瑞,中游,下游,空
第一类新闻,中型电池,空,宁德时代,ATL,下游,下游,空
第一类新闻,农业光伏电站,空,能辉科技,空,中游,中游,空
第一类新闻,通信设备,空,润建股份,中国电信广西公司,中游,下游,"21,990万元。"
第一类新闻,能源数字化,空,恒华科技,华为,中游,中游,空。
第一类新闻,汽车零部件,空,万安科技,长安汽车,上游,下游,空
第一类新闻,盐湖资源开发,空,"盐湖股份,,,藏格矿业","中游,,,中游",空,空,空
第一类新闻,南水北调中线工程,冰期输水,南水北调集团,中线公司,上游,下游,空
第一类新闻,半导体,空,阿斯麦,空,中游,中游,空。
第一类新闻,空,全液冷超充站项目,深圳市海光电子有限公司,H公司,中游,上游,空。
第一类新闻,电机轴,空,盖格新能源（杭州）有限公司,"理想,,,浙江奥思伟尔电动科技有限公司",中游,下游,空
第一类新闻,空,空,华策集团,河马游戏,中游,下游,空
第一类新闻,低轨卫星互联网,卫星载荷,空,体制内公司,空,下游,空
第一类新闻,低轨卫星互联网,火箭零部件,空,空,体制内,空,空
第一类新闻,PA66产品,空,隆华新材,空,中游,空,空。
第一类新闻,游戏产品,《境·界刀鸣》,名臣健康公司,朝夕光年,中游,上游,空
第一类新闻,智慧交通,空,金溢科技,华为,中游,下游,空
第一类新闻,能源供应,空,中国石油化工集团有限公司,重庆市人民政府,中游,上游,空
第一类新闻,商用车座椅,空,天成自控,北汽福田汽车股份有限公司,中游,下游,空。
第一类新闻,VR/AR/MR,空,飞荣达,"微软,,,Meta",中游,空,空
第一类新闻,发动机,空,重庆小康动力有限公司,长源东谷,下游,上游,空。
第一类新闻,光学模组,空,特定客户,空,中游,空,空
第一类新闻,生成式AI,空,英伟达,"软银集团,,,樱花互联网有限公司,,,日本电报电话公司",空,空,空
第一类新闻,USBHub芯片、BMS电量计芯片,空,芯海科技,空,中游、下游,下游,空。
第一类新闻,计算机技术,高性能计算或GPU算力技术,英博数科,百川智能,中游,下游,空。
第一类新闻,半导体,空,西门子,英特尔,中游,中游,空
第一类新闻,非金属材料,空,江南化工,中国非金属材料南京矿山工程有限公司,产业链位置未说明,上游,空
第一类新闻,汽车设计,空,中机认检,小米汽车,中游,下游,空。
第一类新闻,汽车设计业务,空,中机股份,小米汽车,中游,中游,空
第一类新闻,电子元器件,EMB,公司名称：万安科技,"收货公司名称：日产,,,一汽,,,东风,,,江淮,,,合众,,,零跑,,,江铃,,,宇通,,,福田,,,金龙",供货公司产业链位置：未知,收货公司产业链位置：未知,订单金额：空
第一类新闻,空,TOFIDENCE,百奥泰,Biogen,中游,上游,空
第一类新闻,空,空,劳务公司,广汽本田公司,中游,中游,空
第一类新闻,5G,空,空,空,空,空,空
第一类新闻,具身智能机器人技术,空,亿嘉和科技股份有限公司,腾讯云计算（北京）有限责任公司,下游,上游,空
第一类新闻,光模块,PCB,"珠海中京,,,客户","中游,,,下游",空,800G,空
第一类新闻,口服给药系统,艾科悉™（AcuSiS®）,勃林格殷格翰中国,汉都医药科技有限公司,中游,中游,空，因为未提及订单金额。
第一类新闻,锂离子电池,空,空,空,空,空,空
第一类新闻,汽车运输船,空,上海外高桥造船有限公司,"SeaspanCorporation,,,韩新海运公司","中游,,,下游","中游,,,下游",14.6亿美元。
第一类新闻,空,空,Meta,IBM,中游,中游,空
第一类新闻,智慧教育,空,方直科技,中国鲲鹏产业源头创新中心,中游,中游,空。
第一类新闻,展览展示,空,中邮科技,华为,中游,下游,空
第一类新闻,卷钢涂层,空,阿克苏诺贝尔,爱邦辐射技术有限公司,中游,下游,空
第一类新闻,疫苗,13价肺炎疫苗,康希诺,空,下游,空,空
第一类新闻,显示模组,VR Quest3,长信科技,Meta,中游,下游,空
第一类新闻,云服务,空,鸿博股份,子公司,中游,下游,13.82亿元。
第一类新闻,芯片,显卡,空,英伟达,空,空,空
第一类新闻,LED半导体,空,九洲光电,鸿利智汇集团股份有限公司,中游,中游,空。
第一类新闻,规划设计业务非核心能力技术配合服务,空,吉大通信,中国移动,中游,下游,2.11亿元
第一类新闻,电子气体产品,二氯二氢硅,三孚电子材料,台积电,中游,上游,"400,000元。"
第一类新闻,物料输送,空,华电重工,空,中游,空,空
第一类新闻,药品,空,阳光诺和,空,供应商,空,空
第一类新闻,车载端软硬件,空,中海达,"小鹏汽车,,,上汽集团,,,长城汽车",供货公司位置未提及,收货公司为汽车制造企业/智能驾驶方案商,订单金额为空。
第一类新闻,燃料电池,空,亿华通,"长安,,,北汽","中游,,,,中游",空,空。
第一类新闻,新型光伏技术,空,福莱蒽特未来技术研究院有限公司,中国华能集团清洁能源技术研究院有限公司,中游,中游,空
第一类新闻,空,空,致远互联,福建省高速公路集团有限公司,中游,上游,空
第一类新闻,空,空,中国宝武钢铁集团有限公司,华为技术有限公司,中游,中游,空
第一类新闻,汽车,空,通用汽车公司,Autocar公司,中游,中游,空。
第一类新闻,车联网,空,比亚迪,空,下游,空,空
第一类新闻,水泥,熟料生产线,中材建设有限公司,Holcim比利时公司,中游,下游,2.18亿欧元
第一类新闻,新能源汽车,空,比亚迪厄瓜多尔分公司,拉丁美洲能源组织,中游,中游,空
第一类新闻,新能源汽车,空,东方中科,长安汽车,上游,下游,空
第一类新闻,电子元器件,模块产品,宏微科技,华为,中游,下游,小批量订单
第一类新闻,汽车,空,德国大众,空,供应商,空,空
第一类新闻,声学产品,空,国光电器,华为,中游,下游,空
第一类新闻,PCB设计仿真,空,一博科技,人工智能相关头部企业,中游,上游,订单金额：空
第一类新闻,生物医药,非洲猪瘟mRNA疫苗,金宇保灵生物药品有限公司,上海蓝鹊生物医药有限公司,上游,中游,空
第一类新闻,施工总承包,空,建艺装饰集团股份有限公司旗下子公司广东建星建造有限公司,空,中游,下游,总价逾14.7亿元。
第一类新闻,虚拟现实,空,亿道信息,英伟达,中游,上游,空
第一类新闻,电子,电能表,新联电子,国家电网,中游,下游,1.21亿元。
第一类新闻,装备制造、生物医药,空,国机集团,达索系统,上游,中游,空
第一类新闻,充电桩,华为,"客户,,,伙伴",收货公司产业链位置,下游,订单金额,空。
第一类新闻,滚装运输船,空,山东烟台,空,上游,中游,空
第一类新闻,空,空,瑞鹄模具,奇瑞,中游,下游,空
第一类新闻,人工智能,空,信息发展,"协鑫能源科技股份有限公司,,,上海天数智芯半导体有限公司,,,上海复地产业发展集团有限公司,,,四季和中（深圳）新能源有限公司","中游,,,中游,,,中游,,,中游",空,空。
第一类新闻,新能源城市物流车,红星汽车,山子股份,中游,下游,空,空
第一类新闻,纯电动乘用车,空,"蔚来汽车,,,光束汽车",空,空,空,空
第一类新闻,VLCC,空,"北海造船,,,中船贸易",空,"上游,,,空",31.9万,
第一类新闻,电动汽车,电芯涂覆生产线,"中汽工程,,,沃尔沃汽车大庆工厂","中游,,,下游","上游,,,下游",空,空。
第一类新闻,智能音箱,空,润欣科技,空,下游,空,空。
第一类新闻,水利水电工程,空,甘肃大禹节水集团水利水电工程有限责任公司,空,上游,下游,2.99亿元
第一类新闻,能源化工,空,蜀道装备公司,巴中市巴州区人民政府,中游,上游,空
第一类新闻,算力服务,空,协创数据,视频云平台,空,中游,空。
第一类新闻,改性材料,空,普利特,"宝马,,,奔驰,,,大众,,,长安,,,长城,,,奇瑞,,,江淮,,,北汽,,,通用,,,福特",上游,下游,空
第一类新闻,光伏,空,永清环保,桂林市越盛新能源有限公司,下游,上游,1.05亿元。
第一类新闻,IT服务,低碳智慧园区可视化运营管理平台解决方案,神州信息信创BG技术中心团队,华为云生态团队,中游,中游,空。
第一类新闻,建筑工程,空,遵义城投健康产业有限公司,遵义市城建(集团)有限责任公司,中游,下游,空
第一类新闻,锂电池,空,科恒股份,埃克森新能源,上游,下游,不低于10亿元
第一类新闻,光模块,ficonTEC,英伟达,中游,下游,空,订单金额空。
第一类新闻,汽车电子产品,空,亚太股份,奇瑞汽车,中游,下游,空
第一类新闻,航空物流,空,东航物流,拼多多,中游,下游,空
第一类新闻,能源设备,石油钻机,"TSC Manufacturing and Supply, LLC",Petróleos Mexicanos,下游,中游,1321.20万美元
第一类新闻,光伏组件,空,"阿特斯阳光电力集团股份有限公司,,,东方日升新能源股份有限公司,,,TCL中环新能源科技股份有限公司,,,天合光能股份有限公司,,,通威股份有限公司,,,正泰新能科技股份有限公司","上游,,,中游,,,下游",空,空,空
第一类新闻,网络综合代维服务,空,广东长实通信科技有限公司,中国移动通信集团浙江有限公司,中游,下游,2.35亿元(含税)
第一类新闻,飞机,波音公司,渤海租赁,上游,下游,空,40架。
第一类新闻,智能电源控制器产品,空,云意电气,"长安汽车,,,江淮汽车",供应商,一级,空
第一类新闻,公路工程,空,新疆生产建设兵团交通建设有限公司,新疆兵团勘测设计院集团股份有限公司,中游,下游,1.25亿元。
第一类新闻,小圆柱电池产业,三元圆柱电芯,海四达电源有限公司,国际头部电动工具客户,中游,下游,3000万美元
第一类新闻,新能源汽车,阿凡达低碳车轮,金固股份,某头部知名的新能源汽车主机厂,下游,上游,空
第一类新闻,Open RAN网络,空,"诺基亚,,,富士通",德国电信,"中游,,,中游",空,空。
第一类新闻,汽车零部件,空,博泽集团,华域汽车,中游,下游,空
第一类新闻,液化天然气（LNG）运输船,中国船舶集团有限公司,沪东中华造船（集团）有限公司,上游,下游,空,订单金额空
第一类新闻,龙骨转轴,空,小米公司,余承东先生所属公司,中游,中游,空。
第一类新闻,BMS产品,空,经纬恒润,空,中游,空,订单金额：预计明年该产品交付量增加明显。
第一类新闻,输电设备与服务,空,PLN,TAQA,中游,中游,空
第一类新闻,材料,光刻胶单体,空,万润股份,空,中游,空。
第一类新闻,光伏组件,晶澳科技,电建新能源集团,下游,上游,空,1.5GW。
第一类新闻,渗滤液处理,空,维尔利,长春市城市生活垃圾处理中心,下游,中游,1.71亿元
第一类新闻,渗沥液处理,空,维尔利,大辛垃圾场,中游,下游,2.92亿元
第一类新闻,聚酯纤维,空,精工科技,浙江建信佳人新材料有限公司,下游,中游,3.2亿元。
第一类新闻,新能源,空,闽东电力,宁德三都澳公司,中游,中游,空。
第一类新闻,煤炭,空,福能股份,福建省能源石化集团及其子公司,空,空,600万吨
第一类新闻,大型液化天然气（LNG）运输船,中国船舶集团有限公司,沪东中华造船（集团）有限公司,上游,下游,空,订单金额：空
第一类新闻,盐湖提锂,空,久吾高科,空,上游,空,空
第一类新闻,电子产品,空,英力股份,"小米,,,荣耀,,,OPPO",中游,下游,空
第一类新闻,智能网联汽车,空,光庭信息,"华中科技大学,,,5家单位",上游,下游,1亿元。
第一类新闻,物流机器人,空,嘉腾机器人自动化有限公司,华为,下游,下游,空
第一类新闻,空,空,民生银行,中国一汽,中游,上游,空
第一类新闻,空,荣耀,英力股份,华勤,中游,下游,空。
第一类新闻,电子元器件,800G光模块,空,空,中游,空,空
第一类新闻,电子元器件,AI相关GPU加速卡,空,空,中游,空,空
第一类新闻,空客公司,飞机,空客公司,土耳其航空公司,上游,下游,订单金额：空。
第一类新闻,MicroLED微显示器,空,"鸿海,,,Porotech","中游,,,上游",空,空,空。
第一类新闻,空,苹果授权服务,上海百华悦邦电子科技有限公司,苹果电脑贸易（上海）有限公司,中游,中游,空。
第一类新闻,水利工程,空,节能铁汉,河北海越实业集团有限公司,中游,中游,空。
第一类新闻,水利、土壤修复,空,节能铁汉,海越实业集团,中游,下游,空
第一类新闻,电影,空,上影元（上海）文化科技发展有限公司,上影·联和院线,中游,下游,空。
第一类新闻,行业终端及工业,空,智微智能,联想,中游,上游,空。
第一类新闻,汽车零部件,发动机连杆,"建设工业,,,东安动力","上游,,,下游",空,空,空
第一类新闻,超高频器件,赛莱克斯北京,该客户,中游,下游,空,订单金额为空
第一类新闻,城市更新改造项目,空,风语筑公司,安徽地平线建筑设计有限公司,中游,下游,1.31亿元
第一类新闻,AI智能终端产品,AI办公本,汉王科技,空,中游,下游,空
第一类新闻,AI智能终端产品,AI学习本,汉王科技,空,中游,下游,空
第一类新闻,AI智能终端产品,柯氏音法血压计,汉王科技,空,中游,下游,空
第一类新闻,石油,空,委内瑞拉,雷普索尔,中游,上游,空
第一类新闻,空,空,华为云计算技术有限公司,北京趣拿信息技术有限公司,上游,下游,空
第一类新闻,钙钛矿薄膜太阳能电池,德龙激光,大客户,空,下游,空,部分订单。
第一类新闻,智能网联汽车,空,移为通信,易诚高科科技发展有限公司,中游,中游,空。
第一类新闻,空,智能压铸设备,哪吒汽车,力劲集团,中游,中游,空
第一类新闻,半固态电池,空,蔚来汽车,空,中游,空,空
第一类新闻,空,人工智能技术,麦当劳公司,埃森哲公司,中游,中游,空。
第一类新闻,油田开发,空,海油工程,卡塔尔国家能源公司,下游,中游,44.37亿元人民币
第一类新闻,电子元器件,中贝通信AI算力一体机,上海恒为智能科技有限公司,中贝通信,下游,上游,5.46亿元。
第一类新闻,肉禽种业,空,益客食品,江苏省农业科学院,中游,上游,空
第一类新闻,汽车领域,人工智能对话式汽车助手,TomTom,微软,中游,上游,空
第一类新闻,数据中心,空,"华为,,,Telkom Indonesia","中游,,,下游",空,空,空。
第一类新闻,数据库,空,科蓝软件系统股份有限公司,清华大学,下游,上游,空。
第一类新闻,活大猪,空,东瑞股份,空,上游,中游,空
第一类新闻,低空经济产业,空,深圳市东部通用航空有限公司,"深圳美团低空物流科技有限公司,,,大疆创新科技有限公司",供货,空,空。
第一类新闻,空,金融行业应用,银之杰,湖南湘江金融科技服务有限公司,空,空,空
第一类新闻,电缆,空,国家电网,空,中游,空,4.74亿元。
第一类新闻,空,空,思泉新材,"小米,vivo,三星,谷歌,ABB",中游,上游,空
第一类新闻,石油,空,俄罗斯石油运输公司,印度,上游,下游,7000万吨
第一类新闻,空,空,安恒信息,中移建设有限公司浙江分公司,中游,下游,空
第一类新闻,空,主题公园建设,NBC环球,空,上游,空,
第一类新闻,数字金融,空,浙商银行,蚂蚁科技集团股份有限公司,中游,上游,空。
第一类新闻,空,空,中集集团,农行深圳分行,上游,下游,50亿元。
第一类新闻,AIGC,天工AI大模型,昆仑万维,中国电信北京分公司,中游,下游,空
第一类新闻,空,空,奥飞数据科技股份有限公司,华为技术有限公司,下游,上游,空
第一类新闻,计算型服务器,空,神州数码,中国移动,未指明产业链位置,未指明产业链位置,10.1亿元（不含税）
第一类新闻,空,南外滩金融中心工程,上海建工四建集团有限公司,空,下游,空,41.75亿元。
第一类新闻,医药,空,传奇生物,强生公司,中游,上游,空
第一类新闻,空,散杂货码头装卸,空,空,空,下游,空。该新闻不涵盖两家或更多家公司的明确的产业链信息。
第一类新闻,空运、海运,服装、电子产品,空运公司：汉宏物流公司,海运公司：空缺,空运公司产业链位置：空缺,海运公司产业链位置：空缺,订单金额：空缺
第一类新闻,涂层材料,空,松井股份,北美消费电子大客户,中游,下游,空。
第一类新闻,电动重卡全产业链发展,空,宁德时代新能源科技股份有限公司,大同市政府,中游,上游,空
第一类新闻,物流,空,东杰智能,稳健医疗,中游,下游,空
第一类新闻,连接器,空,汇创达,某国内头部手机厂商,中游,上游,空
第一类新闻,空,空,中国信通院,长安汽车,中游,下游,空
第一类新闻,数据智能服务,推送服务,空,游戏行业客户,空,空,空
第一类新闻,水利,空,甘肃大禹节水集团水利水电工程有限责任公司,空,上游,空,1.45亿元预中标金额。
第一类新闻,新能源电池,UV喷涂机,金力泰,某头部新能源电池企业,中游,下游,空。
第一类新闻,铁路,空,中国水电建设集团国际工程有限公司,刚果联运公司,中游,下游,59.33亿元。
第一类新闻,生物柴油、生物燃料油,空,中石化中海船舶燃料供应有限公司,朗坤环境,中游,下游,空
第一类新闻,人工智能算力中心,GPU通用服务器设备、非GPU服务器硬件设备、软件产品、软件定制开发、集成及其他服务,卓朗发展,乐耕城开,中游,上游,6.9亿元
第一类新闻,数控螺纹磨床,空,日发精机,空,上游,中游,空
第一类新闻,新能源汽车,空,汇川技术,"理想,,,广汽,,,小鹏,,,长城",供应商,收货商,空
第一类新闻,智能新能源车研发,协鑫能科,"自动驾驶,,智能新能源车研发","中游,,中游",空,空,空
第一类新闻,新闻材料,空,苹果,新闻和出版机构,空,空,5000万美元。
第一类新闻,大模型,空,海天瑞声科技股份有限公司,北京智源人工智能研究院,下游,上游,空
第一类新闻,城镇水务,空,上海复洁环保科技股份有限公司,上海城投水务生态环保科技有限公司,下游,上游,空
第一类新闻,纺织装备,空,经纬智能纺织机械有限公司,山西大学,中游,中游,空
第一类新闻,充电网络,空,能链智电,深蓝汽车,上游,下游,空
第一类新闻,空,空,美光科技,福建晋华集成电路,中游,中游,空
第一类新闻,AI,空,空,空,空,空,空
第一类新闻,算力租赁,空,奥雅股份,"鹰硕智算（韶关）技术有限公司,,,中电鹰硕（深圳）智慧互联有限公司",中游,下游,150万元/月/柜
第一类新闻,新能源,空,金盘科技,广西能源集团有限公司,中游,上游,空
第一类新闻,钢丝及钢丝绳,空,巨力索具,河南公司,下游,中游,空
第一类新闻,汽车,合创Z03，A06，V09,合创汽车,MNEM有限公司,上游,中游,空
第一类新闻,焦化,空,君正集团,空,下游,中游,空
第一类新闻,汽车,车品,空,京东,空,中游,空
第一类新闻,储能,空,上海电气国轩新能源科技有限公司,空,上游,中游,空
第一类新闻,测试机,空,颀中科技,爱德万Advantest,空,下游,空
第一类新闻,汽车,空,维杰汽车,小米汽车,下游,未说明,空。
第一类新闻,版权授权,空,亿腾网络,伴鱼科技,上游,中游,空
第一类新闻,PC端操作系统,鸿蒙操作系统,华为,空,上游,空,空
第一类新闻,空,空,京泉华,特斯拉,中游,上游,空
第一类新闻,CVT产品,空,公司名称：万里扬,公司名称：奇瑞汽车,供货公司产业链位置：中游,收货公司产业链位置：下游,订单金额：空
第一类新闻,原油,空,印度炼油商,空,中游,空,空
第一类新闻,空,空,奋达科技,上海非夕机器人科技有限公司,中游,中游,空
第一类新闻,冷链供应链,空,市政集团,空,下游,空,4.66亿元。
第一类新闻,硅片切割加工服务,空,空,空,空,上游,空
第一类新闻,电力行业,空,IEC国际标准促进中心（南京）,华为技术有限公司,中游,中游,空。
第一类新闻,进气系统,空,恒勃股份,空,上游,中游,空
第一类新闻,空,空,中鼎股份,"多家自主品牌头部企业,,,造车新势力头部企业",空,空,空
第一类新闻,ARVR天线及部分零部件产品,空,硕贝德,北美客户,中游,下游,空
第一类新闻,天然气,空,俄罗斯天然气工业股份公司,空,上游,下游,订单金额：空
第一类新闻,PCB产品,空,四会富仕,问界M9,中游,下游,空
第一类新闻,电力设备,京东方B12变电站,水土公司,长兴电力,中游,下游,1.9亿元。
第一类新闻,城市轨道交通,空,腾达建设,杭州市地铁集团有限责任公司,中游,下游,7.35亿元。
第一类新闻,双特异抗体偶联药物,KM-501,轩竹生物科技股份有限公司,信达生物制药集团,下游,中游,空
第一类新闻,电力工程,33kV变电站GIS及自动化系统,威胜信息,孟加拉电力工程公司,中游,下游,5000万元。
第一类新闻,集装箱船,空,丹麦马士基,空,中游,空,
第一类新闻,煤炭类,空,山西焦煤集团,空,上游,空,空
第一类新闻,货币,人民币,中国人民银行,中国银行（塞尔维亚）有限公司,空,上游,空。
第一类新闻,智能仓储（立体库）,空,兰剑智能,空,下游,下游,9266.96万元
第一类新闻,精密光学器件,空,蓝特光学,空,下游,空,10.18亿元。
第一类新闻,NCM6系4.35V高电压方向,空,帕瓦股份,广东邦普,中游,下游,空
第一类新闻,多晶型高镍、超高镍产品,空,帕瓦股份,长远锂科,中游,下游,空
第一类新闻,空,空,巴斯夫杉杉,帕瓦股份,中游,下游,空
第一类新闻,多晶型高镍产品,空,帕瓦股份,贝特瑞,中游,下游,空
第一类新闻,水利水电,空,粤水电,空,中游,空,900多亿元
第一类新闻,液氢罐车,空,北京中科富海低温科技有限公司,空,中游,空,空
第一类新闻,工程机械,液压管路系统,福事特,三一重机有限公司,中游,上游,空
第一类新闻,AI,空,空,空,空,空,空
第一类新闻,航运,空,钦州港,北部湾港,上游,下游,空
第一类新闻,门式起重机,GENMA,润邦重机,"某知名海工模块企业,,,船舶制造企业","上游,,,上游","上游,,,中游",空
第一类新闻,生物科技,多肽合成,楚天科技,楚天派特,"上游,,,下游",空,空。
第一类新闻,镁合金,HMG1300等镁合金注射成型成套设备,重庆博奥镁铝金属制造有限公司,海天金属,下游,上游,空
